Trial,Temp,HeatSoak,StartingMass,EndingMass,ConcentrateMass,MassLost,Efficiency,WaxMass,Timestamp
1,395,65,0.19,0.123,0.19,0.067,35.26315789473685,0,"2025-08-20T15:02:41.787Z"
2,395,65,0.165,0.097,0.165,0.068,41.21212121212121,0,"2025-08-21T02:28:44.829Z"
3,395,65,0.187,0.109,0.187,0.078,41.711229946524064,0,"2025-08-21T08:48:31.144Z"
4,395,65,0.246,0.168,0.266,0.098,36.84210526315789,20.000000000000018,"2025-08-21T17:08:26.304Z"
5,395,65,0.205,0.154,0.255,0.101,39.6078431372549,50.000000000000014,"2025-08-22T05:59:39.386Z"
6,395,65,0.236,0.196,0.322,0.126,39.130434782608695,86.00000000000001,"2025-08-22T06:55:21.640Z"
8,395,65,0.275,0.219,0.329,0.11000000000000001,33.434650455927056,53.99999999999999,"2025-08-22T18:31:50.112Z"
8,395,65,0.251,0.187,0.308,0.121,39.285714285714285,56.99999999999999,"2025-08-23T04:00:09.957Z"
9,395,65,0.229,0.149,0.284,0.13499999999999998,47.53521126760563,54.999999999999964,"2025-08-23T17:47:06.843Z"
10,395,65,0.2,0.129,0.2,0.07100000000000001,35.50000000000001,0,"2025-08-23T21:30:54.938Z"
11,395,65,0.2,0.139,0.231,0.092,39.82683982683982,31,"2025-08-23T21:37:31.016Z"
12,395,65,0.3,0.188,0.3,0.11199999999999999,37.33333333333333,0,"2025-08-24T03:15:52.863Z"
13,395,65,0.246,0.158,0.291,0.13299999999999998,45.70446735395189,44.999999999999986,"2025-08-24T08:53:27.457Z"
14,395,65,0.237,0.151,0.274,0.12300000000000003,44.89051094890512,37.000000000000036,"2025-08-24T22:00:40.608Z"
15,395,65,0.237,0.166,0.237,0.07099999999999998,29.95780590717299,0,"2025-08-25T07:54:36.347Z"
16,395,65,0.188,0.129,0.229,0.1,43.66812227074236,41.00000000000001,"2025-08-25T09:07:31.252Z"
17,395,65,0.218,0.177,0.278,0.10100000000000003,36.33093525179857,60.00000000000003,"2025-08-26T02:31:24.095Z"
18,395,65,0.213,0.129,0.213,0.08399999999999999,39.436619718309856,0,"2025-08-26T03:22:54.159Z"
19,395,65,0.251,0.2,0.306,0.10599999999999998,34.640522875816984,54.99999999999999,"2025-08-26T03:32:22.128Z"
21,395,65,0.178,0.116,0.216,0.09999999999999999,46.29629629629629,38.00000000000001,"2025-08-26T11:06:21.976Z"
21,395,65,0.189,0.115,0.203,0.08800000000000001,43.34975369458128,14.000000000000012,"2025-08-26T11:57:55.195Z"
22,395,65,0.23,0.146,0.23,0.08400000000000002,36.52173913043479,0,"2025-08-26T20:16:00.658Z"
23,395,65,0.151,0.103,0.177,0.074,41.80790960451977,25.999999999999996,"2025-08-27T13:43:24.437Z"
24,395,65,0.268,0.183,0.309,0.126,40.77669902912621,40.99999999999998,"2025-08-27T13:59:14.722Z"
25,395,65,0.209,0.129,0.209,0.07999999999999999,38.27751196172248,0,"2025-08-28T04:59:55.804Z"
26,395,65,0.206,0.132,0.206,0.07399999999999998,35.922330097087375,0,"2025-08-28T06:09:11.018Z"
27,395,65,0.182,0.119,0.182,0.063,34.61538461538461,0,"2025-08-28T06:16:59.515Z"
29,395,65,0.265,0.195,0.335,0.14,41.791044776119406,70,"2025-08-28T06:28:53.230Z"
29,395,65,0.281,0.176,0.281,0.10500000000000004,37.366548042704636,0,"2025-08-28T20:18:31.849Z"
30,395,65,0.217,0.167,0.295,0.12799999999999997,43.38983050847457,77.99999999999999,"2025-08-28T20:26:37.736Z"
31,395,65,0.248,0.156,0.248,0.092,37.096774193548384,0,"2025-08-29T06:41:25.532Z"
32,395,65,0.27,0.174,0.27,0.09600000000000003,35.555555555555564,0,"2025-08-29T11:46:59.682Z"
33,420,40,0.151,0.1,0.151,0.05099999999999999,33.774834437086085,0,"2025-08-29T16:42:32.832Z"
34,420,40,0.146,0.098,0.161,0.063,39.130434782608695,15.000000000000014,"2025-08-29T16:48:16.303Z"
35,420,41,0.152,0.093,0.152,0.059,38.81578947368421,0,"2025-08-29T17:25:02.201Z"
36,420,40,0.123,0.075,0.123,0.048,39.02439024390244,0,"2025-08-30T01:48:14.773Z"
37,420,40,0.1,0.056,0.1,0.044000000000000004,44,0,"2025-08-30T02:33:07.374Z"
38,420,50,0.143,0.092,0.143,0.05099999999999999,35.66433566433566,0,"2025-08-30T17:28:00.249Z"
39,420,45,0.157,0.098,0.157,0.059,37.5796178343949,0,"2025-08-30T20:10:01.505Z"
41,420,45,0.249,0.173,0.249,0.07600000000000001,30.52208835341366,0,"2025-08-30T20:15:40.232Z"
41,420,60,0.169,0.102,0.169,0.06700000000000002,39.64497041420119,0,"2025-08-30T23:32:59.255Z"
42,420,40,0.254,0.178,0.254,0.07600000000000001,29.92125984251969,0,"2025-08-31T00:23:22.466Z"
43,420,40,0.16,0.1,0.16,0.06,37.5,0,"2025-08-31T00:27:33.383Z"
44,420,40,0.146,0.097,0.146,0.04899999999999999,33.56164383561644,0,"2025-08-31T01:12:27.623Z"
45,405,40,0.156,0.112,0.156,0.044,28.205128205128204,0,"2025-08-31T01:17:02.814Z"
46,405,40,0.092,0.066,0.092,0.025999999999999995,28.26086956521739,0,"2025-08-31T01:22:40.916Z"
48,405,40,0.132,0.075,0.132,0.05700000000000001,43.18181818181819,0,"2025-08-31T01:32:18.913Z"
48,405,40,0.123,0.07,0.123,0.05299999999999999,43.08943089430894,0,"2025-08-31T06:52:34.599Z"
49,405,40,0.132,0.075,0.132,0.05700000000000001,43.18181818181819,0,"2025-08-31T21:43:15.871Z"
50,405,40,0.157,0.09,0.157,0.067,42.675159235668794,0,"2025-08-31T23:42:55.423Z"
51,405,40,0.137,0.075,0.137,0.06200000000000001,45.25547445255475,0,"2025-09-01T01:50:46.330Z"
52,405,40,0.079,0.044,0.079,0.035,44.30379746835443,0,"2025-09-01T02:53:19.616Z"
54,405,40,0.118,0.068,0.118,0.04999999999999999,42.37288135593219,0,"2025-09-01T02:58:25.830Z"
54,405,40,0.107,0.062,0.107,0.045,42.05607476635514,0,"2025-09-01T16:40:18.115Z"
55,420,40,0.096,0.055,0.096,0.041,42.70833333333333,0,"2025-09-01T17:47:49.022Z"
56,405,40,0.119,0.062,0.119,0.056999999999999995,47.89915966386554,0,"2025-09-01T18:56:38.350Z"
57,395,65,0.2,0.118,0.2,0.08200000000000002,41.00000000000001,0,"2025-09-02T04:08:29.168Z"
58,395,65,0.2,0.137,0.254,0.11699999999999999,46.062992125984245,53.99999999999999,"2025-09-02T13:05:50.506Z"
59,395,65,0.218,0.147,0.218,0.07100000000000001,32.56880733944955,0,"2025-09-02T13:14:10.164Z"
61,395,65,0.2,0.11,0.2,0.09000000000000001,45,0,"2025-09-03T00:33:51.596Z"
61,395,65,0.157,0.085,0.157,0.072,45.859872611464965,0,"2025-09-03T00:37:45.979Z"
62,395,65,0.19,0.106,0.19,0.084,44.21052631578948,0,"2025-09-03T20:15:31.256Z"
63,395,65,0.091,0.045,0.091,0.046,50.54945054945055,0,"2025-09-03T22:38:13.900Z"
64,395,65,0.244,0.161,0.244,0.08299999999999999,34.01639344262295,0,"2025-09-03T22:42:53.348Z"
65,395,65,0.232,0.147,0.232,0.08500000000000002,36.63793103448277,0,"2025-09-03T22:47:23.398Z"
66,395,65,0.2,0.123,0.2,0.07700000000000001,38.50000000000001,0,"2025-09-04T05:28:14.553Z"
67,395,65,0.252,0.143,0.252,0.10900000000000001,43.25396825396826,0,"2025-09-04T06:50:20.831Z"
68,395,65,0.239,0.146,0.239,0.093,38.912133891213394,0,"2025-09-04T16:20:48.683Z"
69,395,65,0.245,0.149,0.245,0.096,39.183673469387756,0,"2025-09-04T20:24:26.068Z"
70,395,65,0.215,0.127,0.215,0.088,40.93023255813954,0,"2025-09-05T03:03:38.466Z"
71,395,65,0.215,0.129,0.215,0.086,40,0,"2025-09-05T04:39:31.345Z"
72,395,65,0.291,0.184,0.318,0.134,42.138364779874216,27.000000000000025,"2025-09-05T04:50:36.889Z"
73,395,65,0.24,0.133,0.24,0.10699999999999998,44.58333333333333,0,"2025-09-05T21:25:46.734Z"
74,395,65,0.23,0.134,0.23,0.096,41.73913043478261,0,"2025-09-06T04:19:57.815Z"
75,395,65,0.179,0.104,0.179,0.075,41.899441340782126,0,"2025-09-06T09:14:18.998Z"
76,395,65,0.204,0.13,0.204,0.07399999999999998,36.27450980392156,0,"2025-09-06T09:21:13.429Z"
77,395,65,0.173,0.102,0.173,0.071,41.040462427745666,0,"2025-09-06T20:07:58.394Z"
79,395,65,0.278,0.18,0.278,0.09800000000000003,35.25179856115109,0,"2025-09-06T22:04:24.951Z"
79,395,65,0.222,0.124,0.222,0.098,44.14414414414414,0,"2025-09-07T04:18:19.939Z"
81,395,65,0.265,0.166,0.265,0.099,37.35849056603773,0,"2025-09-07T04:24:28.487Z"
81,395,65,0.217,0.127,0.217,0.09,41.474654377880185,0,"2025-09-07T06:13:32.704Z"
82,395,65,0.112,0.064,0.112,0.048,42.857142857142854,0,"2025-09-07T19:10:59.234Z"
83,395,65,0.322,0.219,0.322,0.10300000000000001,31.987577639751553,0,"2025-09-08T19:06:00.461Z"
84,395,65,0.237,0.138,0.237,0.09899999999999998,41.77215189873417,0,"2025-09-08T21:08:21.847Z"
86,395,65,0.294,0.18,0.294,0.11399999999999999,38.775510204081634,0,"2025-09-08T21:44:52.205Z"
87,395,65,0.306,0.2,0.306,0.10599999999999998,34.640522875816984,0,"2025-09-08T21:52:57.360Z"
87,395,65,0.293,0.18,0.293,0.11299999999999999,38.56655290102389,0,"2025-09-08T22:17:16.742Z"
88,395,65,0.272,0.161,0.272,0.11100000000000002,40.80882352941177,0,"2025-09-08T22:38:45.189Z"
89,395,65,0.278,0.175,0.278,0.10300000000000004,37.050359712230225,0,"2025-09-09T04:33:44.272Z"
90,395,65,0.152,0.093,0.152,0.059,38.81578947368421,0,"2025-09-09T07:28:53.986Z"
91,395,65,0.289,0.176,0.289,0.11299999999999999,39.10034602076124,0,"2025-09-09T08:05:32.646Z"
92,395,65,0.3,0.181,0.3,0.119,39.666666666666664,0,"2025-09-10T01:53:13.138Z"
93,395,65,0.238,0.15,0.238,0.088,36.97478991596639,0,"2025-09-10T05:56:34.138Z"
94,395,65,0.295,0.19,0.295,0.10499999999999998,35.593220338983045,0,"2025-09-10T07:20:44.296Z"
95,395,65,0.179,0.109,0.179,0.06999999999999999,39.10614525139665,0,"2025-09-10T19:03:55.665Z"
96,395,65,0.151,0.087,0.151,0.064,42.384105960264904,0,"2025-09-10T19:57:59.537Z"
97,395,65,0.246,0.149,0.246,0.097,39.430894308943095,0,"2025-09-10T20:03:55.865Z"
98,395,65,0.197,0.122,0.197,0.07500000000000001,38.07106598984772,0,"2025-09-10T22:31:16.306Z"
99,395,65,0.194,0.115,0.194,0.079,40.72164948453608,0,"2025-09-11T19:09:35.663Z"
100,395,65,0.19,0.115,0.19,0.075,39.473684210526315,0,"2025-09-12T04:36:11.983Z"
101,395,65,0.257,0.174,0.257,0.08300000000000002,32.29571984435798,0,"2025-09-12T04:42:02.754Z"
102,395,65,0.231,0.166,0.276,0.11000000000000001,39.85507246376812,45.000000000000014,"2025-09-12T05:05:58.606Z"
104,395,65,0.232,0.174,0.3,0.126,42.00000000000001,67.99999999999997,"2025-09-12T10:40:18.467Z"
104,395,65,0.244,0.141,0.244,0.10300000000000001,42.21311475409836,0,"2025-09-12T19:30:32.942Z"
105,395,65,0.254,0.162,0.277,0.11500000000000002,41.51624548736462,23.00000000000002,"2025-09-12T20:52:44.852Z"
106,395,65,0.213,0.132,0.213,0.08099999999999999,38.0281690140845,0,"2025-09-13T01:05:24.707Z"
107,395,65,0.249,0.163,0.249,0.086,34.53815261044176,0,"2025-09-13T01:52:11.208Z"
108,395,65,0.234,0.126,0.234,0.10800000000000001,46.15384615384615,0,"2025-09-13T02:27:20.030Z"
109,395,65,0.219,0.119,0.219,0.1,45.662100456621005,0,"2025-09-13T03:16:54.566Z"
110,395,65,0.2,0.111,0.2,0.08900000000000001,44.5,0,"2025-09-13T18:13:21.296Z"
111,395,65,0.3,0.202,0.34,0.138,40.588235294117645,40.000000000000036,"2025-09-14T01:30:36.674Z"
112,395,65,0.215,0.189,0.345,0.15599999999999997,45.21739130434782,129.99999999999997,"2025-09-14T04:17:11.573Z"
113,395,65,0.217,0.128,0.217,0.089,41.013824884792626,0,"2025-09-14T21:52:51.525Z"
114,395,65,0.24,0.155,0.24,0.08499999999999999,35.416666666666664,0,"2025-09-14T22:25:43.537Z"
115,395,65,0.229,0.138,0.229,0.091,39.737991266375545,0,"2025-09-15T03:27:41.664Z"
116,395,65,0.315,0.2,0.315,0.11499999999999999,36.507936507936506,0,"2025-09-15T03:51:27.334Z"
117,395,65,0.231,0.133,0.231,0.098,42.42424242424242,0,"2025-09-15T17:32:46.588Z"
118,395,65,0.197,0.118,0.236,0.118,50,38.99999999999998,"2025-09-15T18:23:39.077Z"
119,395,65,0.259,0.152,0.259,0.10700000000000001,41.312741312741316,0,"2025-09-15T20:38:35.581Z"
120,395,65,0.279,0.161,0.279,0.11800000000000002,42.29390681003585,0,"2025-09-15T22:02:08.238Z"
121,395,65,0.279,0.168,0.279,0.11100000000000002,39.78494623655914,0,"2025-09-15T22:07:23.641Z"
122,395,65,0.223,0.129,0.223,0.094,42.152466367713004,0,"2025-09-16T01:54:42.342Z"
123,395,65,0.223,0.127,0.223,0.096,43.04932735426009,0,"2025-09-16T03:29:46.643Z"
124,395,65,0.223,0.133,0.223,0.09,40.35874439461883,0,"2025-09-16T23:49:48.510Z"
125,395,65,0.257,0.162,0.257,0.095,36.964980544747085,0,"2025-09-17T07:01:47.919Z"
126,395,65,0.237,0.166,0.305,0.13899999999999998,45.57377049180327,68,"2025-09-17T07:24:11.634Z"
127,395,65,0.225,0.123,0.225,0.10200000000000001,45.333333333333336,0,"2025-09-17T20:13:27.825Z"
128,395,65,0.207,0.124,0.207,0.08299999999999999,40.09661835748792,0,"2025-09-17T21:33:11.938Z"
129,395,65,0.22,0.132,0.22,0.088,40,0,"2025-09-17T22:37:41.009Z"
130,395,65,0.318,0.171,0.318,0.147,46.226415094339615,0,"2025-09-18T11:22:19.247Z"
131,395,65,0.209,0.132,0.209,0.07699999999999999,36.84210526315789,0,"2025-09-18T13:15:10.337Z"
132,395,65,0.174,0.152,0.256,0.10400000000000001,40.625,82.00000000000001,"2025-09-18T13:21:11.895Z"
133,395,65,0.268,0.164,0.268,0.10400000000000001,38.80597014925373,0,"2025-09-19T01:28:53.682Z"
134,395,65,0.327,0.228,0.327,0.099,30.275229357798167,0,"2025-09-19T01:34:13.659Z"
135,395,65,0.222,0.133,0.222,0.089,40.09009009009009,0,"2025-09-19T05:37:52.225Z"
136,395,65,0.268,0.159,0.268,0.10900000000000001,40.67164179104478,0,"2025-09-19T11:18:26.939Z"
137,395,65,0.254,0.15,0.254,0.10400000000000001,40.944881889763785,0,"2025-09-20T08:31:33.041Z"
138,395,65,0.312,0.206,0.312,0.10600000000000001,33.97435897435898,0,"2025-09-20T08:38:36.469Z"
139,395,65,0.258,0.154,0.258,0.10400000000000001,40.31007751937985,0,"2025-09-20T09:20:11.805Z"
140,395,65,0.258,0.173,0.303,0.13,42.90429042904291,44.999999999999986,"2025-09-20T09:31:56.916Z"
141,395,65,0.242,0.151,0.242,0.091,37.60330578512397,0,"2025-09-21T05:33:50.161Z"
142,395,65,0.248,0.154,0.248,0.094,37.903225806451616,0,"2025-09-21T05:43:15.962Z"
143,395,65,0.266,0.169,0.266,0.097,36.46616541353384,0,"2025-09-21T05:48:40.875Z"
144,395,65,0.108,0.072,0.123,0.051000000000000004,41.463414634146346,15,"2025-09-22T03:24:57.550Z"
145,395,65,0.273,0.18,0.273,0.09300000000000003,34.06593406593407,0,"2025-09-22T03:51:57.342Z"
146,395,65,0.237,0.143,0.237,0.094,39.662447257383974,0,"2025-09-22T08:06:58.030Z"
147,395,65,0.204,0.131,0.204,0.07299999999999998,35.78431372549019,0,"2025-09-22T19:00:48.006Z"
148,395,65,0.282,0.162,0.282,0.11999999999999997,42.553191489361694,0,"2025-09-22T22:44:11.292Z"
149,395,65,0.285,0.185,0.338,0.15300000000000002,45.26627218934912,53.00000000000005,"2025-09-23T03:03:44.417Z"
150,395,65,0.21,0.122,0.21,0.088,41.904761904761905,0,"2025-09-24T04:09:27.067Z"
151,395,65,0.164,0.1,0.2,0.1,50,36.00000000000001,"2025-09-24T12:44:11.673Z"
152,395,65,0.257,0.155,0.257,0.10200000000000001,39.688715953307394,0,"2025-09-24T20:02:14.051Z"
153,395,65,0.231,0.137,0.231,0.094,40.692640692640694,0,"2025-09-24T22:29:03.621Z"
154,395,65,0.221,0.129,0.221,0.092,41.628959276018094,0,"2025-09-24T22:34:58.033Z"
155,395,65,0.258,0.161,0.258,0.097,37.5968992248062,0,"2025-09-24T22:39:42.908Z"
156,395,65,0.243,0.143,0.243,0.1,41.1522633744856,0,"2025-09-25T07:36:14.370Z"
157,395,65,0.168,0.097,0.168,0.07100000000000001,42.26190476190476,0,"2025-09-25T08:07:03.726Z"
158,395,65,0.243,0.134,0.243,0.10899999999999999,44.855967078189295,0,"2025-09-26T01:56:24.394Z"
159,395,65,0.205,0.112,0.205,0.09299999999999999,45.36585365853658,0,"2025-09-26T06:17:25.669Z"
161,395,65,0.179,0.107,0.179,0.072,40.22346368715083,0,"2025-09-26T17:10:28.902Z"
161,395,65,0.171,0.098,0.171,0.07300000000000001,42.69005847953217,0,"2025-09-26T19:42:48.858Z"
162,395,65,0.171,0.106,0.171,0.06500000000000002,38.011695906432756,0,"2025-09-26T20:41:11.780Z"
163,395,65,0.217,0.143,0.217,0.07400000000000001,34.10138248847927,0,"2025-09-26T20:48:36.068Z"
164,395,65,0.144,0.089,0.144,0.05499999999999999,38.19444444444444,0,"2025-09-27T02:48:59.019Z"
165,395,65,0.217,0.136,0.217,0.08099999999999999,37.32718894009216,0,"2025-09-27T02:56:55.257Z"
166,395,65,0.178,0.099,0.178,0.07899999999999999,44.38202247191011,0,"2025-09-27T06:41:11.043Z"
167,395,65,0.228,0.14,0.228,0.088,38.59649122807017,0,"2025-09-27T06:47:36.358Z"
170,395,65,0.261,0.159,0.261,0.10200000000000001,39.08045977011494,0,"2025-09-28T01:27:36.448Z"
169,395,65,0.224,0.14,0.224,0.08399999999999999,37.49999999999999,0,"2025-09-28T01:47:20.607Z"
170,395,65,0.239,0.14,0.239,0.09899999999999998,41.422594142259406,0,"2025-09-28T02:18:47.927Z"
171,395,65,0.205,0.124,0.205,0.08099999999999999,39.512195121951216,0,"2025-09-28T04:43:10.650Z"
172,395,65,0.229,0.136,0.229,0.093,40.61135371179039,0,"2025-09-28T04:49:58.655Z"
173,395,65,0.217,0.129,0.217,0.088,40.55299539170507,0,"2025-09-28T05:41:38.758Z"
174,395,70,0.225,0.126,0.225,0.099,44,0,"2025-09-28T18:16:30.403Z"
175,395,65,0.109,0.089,0.137,0.048000000000000015,35.03649635036497,28.00000000000001,"2025-09-28T18:32:59.822Z"
176,395,65,0.213,0.134,0.213,0.07899999999999999,37.08920187793427,0,"2025-09-28T19:11:36.561Z"
177,395,65,0.224,0.148,0.224,0.07600000000000001,33.92857142857144,0,"2025-09-28T19:19:45.669Z"
178,395,65,0.247,0.158,0.247,0.089,36.032388663967616,0,"2025-09-28T20:39:45.462Z"
179,395,60,0.253,0.173,0.253,0.08000000000000002,31.6205533596838,0,"2025-09-28T20:51:21.005Z"
180,395,65,0.235,0.149,0.235,0.086,36.59574468085106,0,"2025-09-28T21:26:45.249Z"
181,395,65,0.157,0.098,0.157,0.059,37.5796178343949,0,"2025-09-29T01:51:29.136Z"
182,395,65,0.241,0.142,0.241,0.099,41.07883817427386,0,"2025-09-29T02:00:12.030Z"
183,395,65,0.247,0.127,0.247,0.12,48.582995951417004,0,"2025-09-29T02:31:27.019Z"
184,395,65,0.243,0.139,0.243,0.10399999999999998,42.798353909465014,0,"2025-09-29T17:27:17.197Z"
185,395,65,0.162,0.097,0.162,0.065,40.123456790123456,0,"2025-09-29T17:35:30.653Z"
186,395,65,0.227,0.135,0.227,0.092,40.52863436123348,0,"2025-09-29T21:20:12.048Z"
187,395,65,0.257,0.169,0.257,0.088,34.24124513618676,0,"2025-09-29T21:24:50.914Z"
188,395,65,0.229,0.145,0.229,0.08400000000000002,36.681222707423586,0,"2025-09-29T21:34:32.357Z"
189,395,65,0.2,0.12,0.2,0.08000000000000002,40.00000000000001,0,"2025-09-29T22:11:46.961Z"
190,395,65,0.257,0.158,0.257,0.099,38.52140077821012,0,"2025-09-30T01:30:40.645Z"
191,395,65,0.2,0.125,0.2,0.07500000000000001,37.50000000000001,0,"2025-09-30T01:49:41.989Z"
192,395,65,0.184,0.125,0.223,0.098,43.946188340807176,39.00000000000001,"2025-09-30T07:38:17.574Z"
193,395,65,0.184,0.114,0.184,0.06999999999999999,38.04347826086956,0,"2025-09-30T07:45:27.813Z"
194,395,65,0.076,0.044,0.076,0.032,42.10526315789474,0,"2025-09-30T19:00:10.920Z"
195,395,65,0.197,0.119,0.197,0.07800000000000001,39.59390862944163,0,"2025-09-30T19:56:32.821Z"
196,395,65,0.177,0.102,0.177,0.075,42.3728813559322,0,"2025-09-30T20:18:53.273Z"
197,395,65,0.171,0.107,0.171,0.06400000000000002,37.42690058479533,0,"2025-09-30T20:39:35.977Z"
198,395,65,0.219,0.139,0.219,0.07999999999999999,36.5296803652968,0,"2025-10-01T02:34:09.895Z"
200,395,65,0.195,0.129,0.195,0.066,33.84615384615385,0,"2025-10-01T02:41:40.326Z"
200,395,65,0.21,0.131,0.21,0.07899999999999999,37.61904761904761,0,"2025-10-01T02:54:04.973Z"
201,395,65,0.233,0.155,0.233,0.07800000000000001,33.476394849785414,0,"2025-10-01T02:59:57.533Z"
202,395,65,0.198,0.121,0.198,0.07700000000000001,38.88888888888889,0,"2025-10-01T03:04:32.208Z"
203,395,65,0.161,0.093,0.161,0.068,42.2360248447205,0,"2025-10-01T04:36:23.400Z"
204,395,65,0.213,0.131,0.213,0.08199999999999999,38.49765258215962,0,"2025-10-01T05:09:17.255Z"
205,395,65,0.202,0.123,0.202,0.07900000000000001,39.10891089108912,0,"2025-10-01T18:58:49.188Z"
206,395,65,0.214,0.132,0.214,0.08199999999999999,38.31775700934579,0,"2025-10-01T19:14:57.196Z"
207,395,65,0.234,0.136,0.234,0.098,41.88034188034188,0,"2025-10-01T20:22:32.523Z"
208,395,65,0.135,0.08,0.135,0.05500000000000001,40.74074074074075,0,"2025-10-01T20:44:24.276Z"
209,395,65,0.229,0.137,0.229,0.092,40.174672489082965,0,"2025-10-01T22:28:40.650Z"
210,395,65,0.252,0.157,0.252,0.095,37.698412698412696,0,"2025-10-01T22:33:34.272Z"
212,395,55,0.231,0.147,0.231,0.08400000000000002,36.36363636363637,0,"2025-10-01T22:41:53.527Z"
212,395,65,0.218,0.138,0.218,0.07999999999999999,36.69724770642201,0,"2025-10-02T01:57:57.776Z"
213,395,65,0.196,0.115,0.196,0.081,41.3265306122449,0,"2025-10-02T07:22:31.896Z"
214,395,65,0.185,0.109,0.185,0.076,41.08108108108108,0,"2025-10-02T19:25:59.638Z"
215,395,90,0.126,0.089,0.168,0.07900000000000001,47.023809523809526,42.00000000000001,"2025-10-02T19:46:35.038Z"
216,395,90,0.222,0.133,0.222,0.089,40.09009009009009,0,"2025-10-02T20:00:03.223Z"
217,395,65,0.14,0.089,0.14,0.05100000000000002,36.42857142857144,0,"2025-10-02T20:08:08.003Z"
218,395,65,0.245,0.143,0.245,0.10200000000000001,41.632653061224495,0,"2025-10-02T23:36:12.171Z"
219,395,65,0.133,0.079,0.133,0.054000000000000006,40.6015037593985,0,"2025-10-03T01:24:09.892Z"
220,395,65,0.161,0.102,0.161,0.05900000000000001,36.645962732919266,0,"2025-10-03T01:36:59.756Z"
221,395,65,0.175,0.118,0.175,0.056999999999999995,32.57142857142858,0,"2025-10-03T01:46:55.584Z"
222,395,65,0.168,0.097,0.168,0.07100000000000001,42.26190476190476,0,"2025-10-03T12:37:16.950Z"
223,395,65,0.055,0.03,0.055,0.025,45.45454545454546,0,"2025-10-03T21:16:19.342Z"
224,395,65,0.226,0.142,0.226,0.08400000000000002,37.168141592920364,0,"2025-10-03T23:57:22.562Z"
225,395,65,0.246,0.154,0.246,0.092,37.39837398373984,0,"2025-10-04T00:04:20.868Z"
226,395,65,0.28,0.168,0.28,0.11200000000000002,40,0,"2025-10-04T01:44:24.135Z"
227,395,65,0.258,0.16,0.258,0.098,37.98449612403101,0,"2025-10-04T03:36:56.319Z"
228,395,30,0.228,0.151,0.228,0.07700000000000001,33.77192982456141,0,"2025-10-04T04:16:53.409Z"
229,395,65,0.24,0.151,0.24,0.089,37.083333333333336,0,"2025-10-04T05:05:47.251Z"
230,395,30,0.039,0.021,0.039,0.018,46.15384615384615,0,"2025-10-04T22:09:05.097Z"
231,395,65,0.23,0.151,0.23,0.07900000000000001,34.34782608695653,0,"2025-10-04T22:14:59.471Z"
232,395,65,0.205,0.13,0.205,0.07499999999999998,36.58536585365853,0,"2025-10-05T00:16:21.305Z"
233,395,65,0.089,0.055,0.089,0.033999999999999996,38.20224719101123,0,"2025-10-05T01:23:35.625Z"
234,395,65,0.158,0.1,0.158,0.057999999999999996,36.70886075949367,0,"2025-10-05T04:25:33.166Z"
235,395,65,0.174,0.117,0.174,0.05699999999999998,32.75862068965517,0,"2025-10-05T04:31:17.765Z"
236,395,65,0.178,0.099,0.178,0.07899999999999999,44.38202247191011,0,"2025-10-05T17:54:00.525Z"
237,395,65,0.231,0.141,0.231,0.09000000000000002,38.961038961038966,0,"2025-10-05T18:04:15.664Z"
238,395,65,0.204,0.12,0.204,0.08399999999999999,41.17647058823529,0,"2025-10-05T18:18:40.455Z"
239,395,65,0.21,0.132,0.21,0.07799999999999999,37.14285714285714,0,"2025-10-05T20:56:38.026Z"
241,395,65,0.218,0.135,0.218,0.08299999999999999,38.073394495412835,0,"2025-10-05T22:21:34.635Z"
241,395,65,0.21,0.138,0.239,0.10099999999999998,42.25941422594141,28.999999999999996,"2025-10-06T01:00:00.858Z"
242,395,65,0.164,0.095,0.164,0.069,42.07317073170732,0,"2025-10-06T03:20:29.058Z"
243,395,65,0.233,0.146,0.233,0.08700000000000002,37.33905579399142,0,"2025-10-06T04:08:07.520Z"
244,395,65,0.231,0.14,0.231,0.091,39.39393939393939,0,"2025-10-06T18:03:34.613Z"
245,395,65,0.116,0.074,0.136,0.06200000000000001,45.58823529411765,20.000000000000004,"2025-10-06T18:21:25.961Z"
246,395,65,0.22,0.127,0.22,0.093,42.27272727272727,0,"2025-10-06T19:03:11.844Z"
247,395,65,0.23,0.135,0.23,0.095,41.30434782608695,0,"2025-10-06T19:17:51.476Z"
248,395,65,0.147,0.089,0.147,0.057999999999999996,39.455782312925166,0,"2025-10-06T19:27:01.847Z"
249,395,65,0.169,0.123,0.195,0.07200000000000001,36.92307692307693,25.999999999999996,"2025-10-06T19:36:05.428Z"
250,395,65,0.243,0.154,0.243,0.089,36.62551440329218,0,"2025-10-06T22:40:54.465Z"
252,395,65,0.228,0.146,0.228,0.08200000000000002,35.96491228070176,0,"2025-10-06T22:45:05.857Z"
252,395,65,0.208,0.153,0.24,0.087,36.25,32,"2025-10-06T22:49:37.560Z"
253,395,65,0.253,0.17,0.293,0.12299999999999997,41.979522184300336,39.99999999999998,"2025-10-07T02:49:31.857Z"
254,395,65,0.268,0.164,0.268,0.10400000000000001,38.80597014925373,0,"2025-10-07T17:24:05.291Z"
255,395,65,0.252,0.152,0.252,0.1,39.682539682539684,0,"2025-10-07T17:42:56.720Z"
256,395,65,0.295,0.193,0.295,0.10199999999999998,34.57627118644067,0,"2025-10-07T18:12:27.639Z"
257,395,65,0.207,0.125,0.207,0.08199999999999999,39.61352657004831,0,"2025-10-08T03:43:19.766Z"
258,395,65,0.263,0.172,0.263,0.09100000000000003,34.60076045627377,0,"2025-10-08T03:47:49.946Z"
259,395,65,0.2,0.126,0.2,0.07400000000000001,37.00000000000001,0,"2025-10-08T03:51:47.618Z"
260,395,65,0.142,0.125,0.25,0.125,50,108.00000000000001,"2025-10-08T03:59:40.609Z"
261,395,65,0.203,0.112,0.203,0.09100000000000001,44.827586206896555,0,"2025-10-08T04:45:49.248Z"
262,395,65,0.205,0.122,0.205,0.08299999999999999,40.48780487804878,0,"2025-10-08T18:16:43.531Z"
263,395,65,0.243,0.141,0.243,0.10200000000000001,41.97530864197531,0,"2025-10-08T20:27:02.556Z"
264,395,65,0.239,0.142,0.239,0.097,40.58577405857741,0,"2025-10-08T20:36:36.112Z"
265,395,65,0.24,0.152,0.24,0.088,36.666666666666664,0,"2025-10-08T22:23:34.682Z"
266,395,65,0.214,0.133,0.214,0.08099999999999999,37.85046728971962,0,"2025-10-08T22:26:59.035Z"
267,395,65,0.253,0.164,0.253,0.089,35.17786561264822,0,"2025-10-08T22:34:29.780Z"
268,395,65,0.192,0.109,0.192,0.083,43.22916666666667,0,"2025-10-09T05:41:08.032Z"
269,395,65,0.2,0.119,0.2,0.08100000000000002,40.50000000000001,0,"2025-10-09T05:46:04.654Z"
270,395,65,0.204,0.128,0.204,0.07599999999999998,37.25490196078431,0,"2025-10-09T05:51:56.671Z"
271,395,65,0.258,0.166,0.258,0.092,35.65891472868217,0,"2025-10-09T06:02:47.239Z"
273,395,65,0.242,0.147,0.242,0.095,39.25619834710744,0,"2025-10-09T06:09:15.770Z"
273,395,65,0.21,0.124,0.21,0.086,40.95238095238095,0,"2025-10-09T17:16:45.059Z"
274,395,65,0.2,0.128,0.2,0.07200000000000001,36.00000000000001,0,"2025-10-09T17:21:52.683Z"
275,395,65,0.178,0.106,0.178,0.072,40.44943820224719,0,"2025-10-09T17:33:17.106Z"
276,395,65,0.134,0.075,0.134,0.05900000000000001,44.029850746268664,0,"2025-10-09T17:37:22.904Z"
277,395,65,0.134,0.075,0.134,0.05900000000000001,44.029850746268664,0,"2025-10-09T18:42:36.446Z"
278,395,65,0.226,0.14,0.226,0.086,38.05309734513274,0,"2025-10-09T20:09:21.240Z"
279,395,65,0.225,0.126,0.225,0.099,44,0,"2025-10-10T06:04:30.470Z"
280,395,65,0.217,0.123,0.217,0.094,43.31797235023041,0,"2025-10-10T19:22:34.228Z"
281,395,65,0.119,0.062,0.119,0.056999999999999995,47.89915966386554,0,"2025-10-10T21:38:02.622Z"
282,395,65,0.188,0.113,0.188,0.075,39.8936170212766,0,"2025-10-10T21:43:46.485Z"
283,395,65,0.231,0.134,0.231,0.097,41.99134199134199,0,"2025-10-10T22:16:41.437Z"
284,395,65,0.18,0.105,0.18,0.075,41.66666666666667,0,"2025-10-10T23:21:17.289Z"
286,395,65,0.143,0.079,0.143,0.06399999999999999,44.755244755244746,0,"2025-10-11T04:18:57.710Z"
286,395,65,0.17,0.1,0.17,0.07,41.1764705882353,0,"2025-10-11T06:30:13.597Z"
287,395,65,0.204,0.118,0.204,0.086,42.15686274509804,0,"2025-10-11T07:30:52.949Z"
288,395,65,0.172,0.1,0.172,0.07199999999999998,41.86046511627906,0,"2025-10-11T07:55:41.252Z"
289,395,65,0.172,0.1,0.172,0.07199999999999998,41.86046511627906,0,"2025-10-11T08:00:41.046Z"
290,395,65,0.258,0.153,0.258,0.10500000000000001,40.69767441860465,0,"2025-10-11T08:12:53.746Z"
291,395,65,0.2,0.115,0.2,0.085,42.5,0,"2025-10-11T18:11:29.685Z"
292,395,65,0.225,0.152,0.284,0.13199999999999998,46.478873239436616,58.99999999999997,"2025-10-11T18:20:38.875Z"
293,395,65,0.209,0.123,0.209,0.086,41.14832535885167,0,"2025-10-11T18:28:48.038Z"
294,395,65,0.16,0.09,0.16,0.07,43.75000000000001,0,"2025-10-11T18:36:29.439Z"
295,395,65,0.189,0.117,0.189,0.072,38.095238095238095,0,"2025-10-11T18:43:40.053Z"
296,395,65,0.183,0.119,0.183,0.064,34.97267759562842,0,"2025-10-11T18:50:43.799Z"
297,395,65,0.191,0.128,0.191,0.063,32.98429319371728,0,"2025-10-11T18:57:58.177Z"
298,395,65,0.219,0.191,0.318,0.127,39.937106918238996,99,"2025-10-11T19:06:36.854Z"
299,395,65,0.219,0.149,0.318,0.169,53.144654088050316,99,"2025-10-12T00:34:45.243Z"
300,395,65,0.184,0.1,0.184,0.08399999999999999,45.65217391304348,0,"2025-10-12T01:13:38.713Z"
301,395,65,0.147,0.084,0.147,0.06299999999999999,42.85714285714285,0,"2025-10-12T03:31:09.952Z"
302,395,65,0.253,0.179,0.31,0.131,42.25806451612903,56.99999999999999,"2025-10-12T03:41:50.995Z"
303,395,65,0.084,0.055,0.084,0.029000000000000005,34.523809523809526,0,"2025-10-12T03:44:42.528Z"
304,395,65,0.084,0.055,0.084,0.029000000000000005,34.523809523809526,0,"2025-10-12T03:45:32.613Z"
305,395,65,0.185,0.108,0.185,0.077,41.62162162162162,0,"2025-10-12T04:34:41.128Z"
306,395,65,0.15,0.09,0.15,0.06,40,0,"2025-10-12T15:16:32.327Z"
307,395,65,0.153,0.094,0.153,0.059,38.56209150326797,0,"2025-10-12T16:01:37.081Z"
308,395,65,0.163,0.112,0.204,0.09199999999999998,45.09803921568627,40.99999999999998,"2025-10-12T16:07:24.031Z"
309,395,65,0.2,0.121,0.2,0.07900000000000001,39.50000000000001,0,"2025-10-12T17:54:31.235Z"
310,395,65,0.167,0.102,0.197,0.09500000000000001,48.22335025380711,30,"2025-10-12T18:23:56.414Z"
311,395,65,0.146,0.089,0.17,0.08100000000000002,47.64705882352942,24.00000000000002,"2025-10-12T23:41:30.095Z"
312,395,65,0.159,0.1,0.182,0.08199999999999999,45.05494505494505,22.999999999999993,"2025-10-12T23:53:55.610Z"
313,395,65,0.164,0.096,0.164,0.068,41.463414634146346,0,"2025-10-13T00:28:48.312Z"
314,395,65,0.126,0.075,0.126,0.051000000000000004,40.476190476190474,0,"2025-10-13T00:34:06.282Z"
315,395,65,0.175,0.112,0.175,0.06299999999999999,35.99999999999999,0,"2025-10-13T01:10:59.900Z"
316,395,65,0.167,0.117,0.243,0.126,51.85185185185185,75.99999999999999,"2025-10-13T04:05:29.420Z"
317,395,65,0.211,0.123,0.211,0.088,41.70616113744076,0,"2025-10-13T15:38:21.913Z"
318,395,65,0.177,0.113,0.177,0.06399999999999999,36.158192090395474,0,"2025-10-13T15:43:44.831Z"
319,395,65,0.221,0.14,0.244,0.10399999999999998,42.62295081967212,22.999999999999993,"2025-10-13T16:00:00.427Z"
320,395,65,0.195,0.111,0.195,0.084,43.07692307692308,0,"2025-10-13T21:57:58.701Z"
321,395,65,0.2,0.126,0.2,0.07400000000000001,37.00000000000001,0,"2025-10-13T22:03:35.175Z"
322,395,65,0.154,0.093,0.154,0.061,39.61038961038961,0,"2025-10-13T22:31:52.371Z"
323,395,65,0.176,0.1,0.176,0.07599999999999998,43.18181818181818,0,"2025-10-14T02:24:44.383Z"
324,395,65,0.121,0.066,0.121,0.05499999999999999,45.45454545454545,0,"2025-10-14T02:47:46.792Z"
325,395,65,0.161,0.094,0.161,0.067,41.61490683229814,0,"2025-10-14T03:48:42.008Z"
326,395,65,0.125,0.08,0.125,0.045,36,0,"2025-10-15T02:06:07.119Z"
327,395,65,0.167,0.105,0.167,0.06200000000000001,37.125748502994014,0,"2025-10-15T02:15:27.032Z"
328,395,65,0.259,0.163,0.259,0.096,37.06563706563706,0,"2025-10-15T02:23:50.752Z"
329,395,65,0.171,0.095,0.171,0.07600000000000001,44.44444444444445,0,"2025-10-15T06:27:55.327Z"
330,395,65,0.144,0.074,0.144,0.06999999999999999,48.61111111111111,0,"2025-10-15T08:36:14.599Z"
331,395,65,0.178,0.108,0.178,0.06999999999999999,39.32584269662921,0,"2025-10-15T08:42:59.712Z"
332,395,65,0.135,0.091,0.26,0.169,65,125,"2025-10-15T09:00:35.207Z"
333,395,65,0.237,0.136,0.237,0.10099999999999998,42.61603375527426,0,"2025-10-15T18:45:15.136Z"
334,395,65,0.191,0.106,0.191,0.085,44.50261780104712,0,"2025-10-15T18:58:56.438Z"
335,395,65,0.189,0.1,0.189,0.089,47.08994708994709,0,"2025-10-15T19:31:32.989Z"
336,395,65,0.146,0.068,0.146,0.07799999999999999,53.42465753424656,0,"2025-10-15T19:57:33.306Z"
337,395,65,0.187,0.112,0.187,0.075,40.106951871657756,0,"2025-10-15T20:03:46.631Z"
338,395,65,0.206,0.116,0.206,0.08999999999999998,43.68932038834951,0,"2025-10-15T20:37:29.858Z"
339,395,65,0.195,0.111,0.195,0.084,43.07692307692308,0,"2025-10-16T03:13:51.006Z"
340,395,65,0.2,0.143,0.25,0.10700000000000001,42.800000000000004,49.999999999999986,"2025-10-16T06:15:27.364Z"
341,395,65,0.21,0.12,0.21,0.09,42.857142857142854,0,"2025-10-16T06:17:01.586Z"
342,395,65,0.196,0.107,0.196,0.08900000000000001,45.40816326530612,0,"2025-10-16T08:10:30.643Z"
343,395,65,0.184,0.106,0.184,0.078,42.391304347826086,0,"2025-10-16T15:35:17.338Z"
344,395,65,0.206,0.121,0.206,0.08499999999999999,41.262135922330096,0,"2025-10-16T17:50:59.679Z"
345,395,65,0.139,0.114,0.167,0.053000000000000005,31.736526946107784,27.999999999999996,"2025-10-16T18:02:41.799Z"
346,395,65,0.257,0.152,0.257,0.10500000000000001,40.85603112840467,0,"2025-10-16T18:31:55.084Z"
347,385,70,0.185,0.109,0.185,0.076,41.08108108108108,0,"2025-10-16T19:24:30.429Z"
348,385,70,0.256,0.15,0.256,0.10600000000000001,41.40625000000001,0,"2025-10-16T20:24:16.388Z"
349,385,70,0.187,0.112,0.187,0.075,40.106951871657756,0,"2025-10-16T20:29:17.970Z"
350,385,70,0.212,0.116,0.212,0.09599999999999999,45.283018867924525,0,"2025-10-16T23:21:51.382Z"
351,385,70,0.212,0.116,0.212,0.09599999999999999,45.283018867924525,0,"2025-10-16T23:22:38.350Z"
352,385,70,0.194,0.11,0.194,0.084,43.29896907216495,0,"2025-10-17T02:45:03.737Z"
353,385,70,0.2,0.115,0.2,0.085,42.5,0,"2025-10-17T07:11:39.571Z"
354,385,70,0.181,0.1,0.181,0.08099999999999999,44.75138121546961,0,"2025-10-17T08:33:29.932Z"
355,385,70,0.082,0.042,0.082,0.04,48.78048780487805,0,"2025-10-17T08:42:52.925Z"
356,385,70,0.2,0.123,0.2,0.07700000000000001,38.50000000000001,0,"2025-10-17T09:34:40.889Z"
357,385,30,0.13,0.077,0.13,0.053000000000000005,40.769230769230774,0,"2025-10-17T09:38:53.838Z"
358,385,65,0.189,0.118,0.189,0.07100000000000001,37.56613756613757,0,"2025-10-17T09:45:04.978Z"
359,385,45,0.173,0.1,0.173,0.07299999999999998,42.1965317919075,0,"2025-10-17T17:29:37.705Z"
360,385,35,0.161,0.091,0.161,0.07,43.47826086956522,0,"2025-10-17T19:02:45.223Z"
361,385,65,0.2,0.121,0.2,0.07900000000000001,39.50000000000001,0,"2025-10-17T19:12:15.798Z"
362,385,65,0.193,0.133,0.193,0.06,31.088082901554404,0,"2025-10-17T21:35:44.366Z"
363,385,65,0.208,0.131,0.208,0.07699999999999999,37.01923076923077,0,"2025-10-17T23:53:37.982Z"
364,385,65,0.187,0.114,0.187,0.073,39.03743315508021,0,"2025-10-18T00:13:34.383Z"
365,385,65,0.186,0.118,0.186,0.068,36.55913978494624,0,"2025-10-18T00:21:11.124Z"
366,385,70,0.1,0.061,0.1,0.03900000000000001,39.00000000000001,0,"2025-10-18T00:31:03.497Z"
367,385,70,0.233,0.128,0.233,0.10500000000000001,45.06437768240343,0,"2025-10-18T01:44:21.190Z"
368,385,50,0.146,0.073,0.146,0.073,50,0,"2025-10-18T15:51:26.832Z"
369,385,70,0.146,0.085,0.146,0.060999999999999985,41.78082191780821,0,"2025-10-18T15:52:17.648Z"
370,385,50,0.183,0.099,0.183,0.08399999999999999,45.90163934426229,0,"2025-10-18T17:06:54.167Z"
371,385,70,0.163,0.096,0.163,0.067,41.104294478527606,0,"2025-10-18T17:07:28.550Z"
372,385,70,0.285,0.164,0.285,0.12099999999999997,42.456140350877185,0,"2025-10-18T18:43:56.876Z"
373,385,70,0.168,0.1,0.168,0.068,40.476190476190474,0,"2025-10-18T22:57:27.606Z"
374,385,70,0.195,0.124,0.195,0.07100000000000001,36.410256410256416,0,"2025-10-18T23:05:23.734Z"
375,385,70,0.209,0.129,0.209,0.07999999999999999,38.27751196172248,0,"2025-10-18T23:42:07.559Z"
376,385,70,0.2,0.13,0.2,0.07,35,0,"2025-10-19T00:21:44.004Z"
377,385,70,0.114,0.078,0.146,0.06799999999999999,46.57534246575342,31.999999999999986,"2025-10-19T02:17:59.548Z"
378,385,70,0.2,0.122,0.2,0.07800000000000001,39.00000000000001,0,"2025-10-19T02:48:57.007Z"
379,385,70,0.203,0.164,0.297,0.13299999999999998,44.781144781144775,93.99999999999997,"2025-10-19T03:13:35.215Z"
380,385,70,0.193,0.147,0.256,0.10900000000000001,42.57812500000001,63,"2025-10-19T07:01:38.026Z"
381,385,70,0.137,0.092,0.137,0.04500000000000001,32.846715328467155,0,"2025-10-19T07:11:26.343Z"
382,385,70,0.195,0.13,0.229,0.099,43.23144104803494,34,"2025-10-19T07:19:36.079Z"
383,395,65,0.096,0.054,0.096,0.042,43.75,0,"2025-10-19T17:13:57.685Z"
384,395,65,0.192,0.118,0.192,0.07400000000000001,38.54166666666667,0,"2025-10-19T19:52:26.615Z"
385,395,65,0.235,0.19,0.304,0.11399999999999999,37.5,69,"2025-10-19T20:03:37.587Z"
386,395,65,0.15,0.088,0.15,0.062,41.333333333333336,0,"2025-10-19T23:19:31.685Z"
387,395,65,0.19,0.108,0.19,0.082,43.15789473684211,0,"2025-10-19T23:43:41.348Z"
388,395,65,0.174,0.112,0.174,0.061999999999999986,35.632183908045974,0,"2025-10-19T23:49:59.608Z"
389,395,65,0.164,0.097,0.164,0.067,40.85365853658537,0,"2025-10-20T00:11:00.462Z"
390,395,65,0.139,0.079,0.139,0.06000000000000001,43.16546762589928,0,"2025-10-20T00:15:32.429Z"
391,395,65,0.135,0.071,0.135,0.06400000000000002,47.40740740740741,0,"2025-10-20T02:49:23.822Z"
392,395,65,0.151,0.093,0.151,0.057999999999999996,38.41059602649006,0,"2025-10-20T02:55:32.739Z"
393,395,65,0.144,0.092,0.144,0.05199999999999999,36.11111111111111,0,"2025-10-20T06:15:41.950Z"
394,395,65,0.19,0.11,0.19,0.08,42.10526315789473,0,"2025-10-20T15:43:02.276Z"
395,395,65,0.145,0.093,0.145,0.05199999999999999,35.86206896551724,0,"2025-10-20T15:49:57.290Z"
396,395,65,0.229,0.138,0.229,0.091,39.737991266375545,0,"2025-10-20T16:01:51.187Z"
397,395,65,0.2,0.119,0.2,0.08100000000000002,40.50000000000001,0,"2025-10-20T18:12:39.925Z"
398,395,65,0.175,0.098,0.271,0.17300000000000001,63.837638376383765,96.00000000000003,"2025-10-20T21:15:34.501Z"
399,395,65,0.185,0.112,0.185,0.073,39.45945945945945,0,"2025-10-20T21:30:40.147Z"
400,395,65,0.3,0.227,0.394,0.167,42.38578680203046,94.00000000000003,"2025-10-20T21:48:11.100Z"
401,395,65,0.237,0.131,0.237,0.10599999999999998,44.72573839662447,0,"2025-10-20T22:51:32.424Z"
402,395,65,0.16,0.099,0.16,0.061,38.125,0,"2025-10-21T01:52:32.832Z"
403,395,65,0.128,0.133,0.266,0.133,50,138,"2025-10-21T02:07:34.829Z"
404,395,65,0.133,0.089,0.218,0.129,59.174311926605505,84.99999999999999,"2025-10-21T04:30:49.825Z"
405,395,65,0.167,0.092,0.167,0.07500000000000001,44.91017964071857,0,"2025-10-21T12:23:08.572Z"
406,395,65,0.175,0.108,0.175,0.06699999999999999,38.285714285714285,0,"2025-10-21T17:12:56.568Z"
407,395,65,0.215,0.123,0.215,0.092,42.7906976744186,0,"2025-10-21T17:41:34.330Z"
408,395,65,0.227,0.139,0.227,0.088,38.76651982378854,0,"2025-10-21T17:49:37.364Z"
409,395,65,0.206,0.121,0.206,0.08499999999999999,41.262135922330096,0,"2025-10-21T17:57:54.630Z"
410,395,65,0.23,0.132,0.23,0.098,42.608695652173914,0,"2025-10-21T19:27:26.690Z"
411,395,65,0.231,0.138,0.231,0.093,40.259740259740255,0,"2025-10-21T20:02:12.346Z"
412,395,65,0.248,0.151,0.248,0.097,39.112903225806456,0,"2025-10-21T20:34:12.297Z"
413,395,65,0.212,0.129,0.212,0.08299999999999999,39.15094339622641,0,"2025-10-21T20:39:16.460Z"
414,395,65,0.224,0.133,0.224,0.091,40.625,0,"2025-10-22T00:27:21.946Z"
415,395,65,0.163,0.104,0.163,0.05900000000000001,36.196319018404914,0,"2025-10-22T00:36:04.238Z"
416,395,65,0.223,0.136,0.223,0.087,39.0134529147982,0,"2025-10-22T02:04:55.638Z"
417,395,65,0.2,0.125,0.2,0.07500000000000001,37.50000000000001,0,"2025-10-22T02:10:40.831Z"
418,395,65,0.189,0.13,0.189,0.059,31.216931216931215,0,"2025-10-22T03:58:30.476Z"
419,395,65,0.181,0.108,0.181,0.073,40.33149171270718,0,"2025-10-22T04:55:31.627Z"
420,395,65,0.192,0.119,0.192,0.07300000000000001,38.020833333333336,0,"2025-10-22T05:19:39.751Z"
421,395,65,0.186,0.114,0.186,0.072,38.70967741935484,0,"2025-10-22T16:49:00.256Z"
422,395,65,0.219,0.144,0.219,0.07500000000000001,34.24657534246576,0,"2025-10-22T16:55:12.863Z"
423,395,65,0.215,0.141,0.215,0.07400000000000001,34.418604651162795,0,"2025-10-22T17:00:00.239Z"
424,395,65,0.185,0.112,0.185,0.073,39.45945945945945,0,"2025-10-22T18:49:37.406Z"
425,395,65,0.212,0.134,0.212,0.07799999999999999,36.79245283018867,0,"2025-10-22T18:55:01.658Z"
426,395,65,0.182,0.108,0.182,0.074,40.65934065934066,0,"2025-10-22T20:32:49.688Z"
427,395,65,0.209,0.13,0.209,0.07899999999999999,37.79904306220095,0,"2025-10-22T20:41:55.520Z"
428,395,65,0.255,0.155,0.255,0.1,39.21568627450981,0,"2025-10-22T22:43:26.432Z"
429,395,65,0.25,0.151,0.25,0.099,39.6,0,"2025-10-23T03:17:48.072Z"
430,395,65,0.261,0.162,0.261,0.099,37.93103448275862,0,"2025-10-23T03:27:35.902Z"
431,395,65,0.165,0.097,0.165,0.068,41.21212121212121,0,"2025-10-23T07:06:26.706Z"
432,395,65,0.189,0.118,0.189,0.07100000000000001,37.56613756613757,0,"2025-10-23T07:44:20.552Z"
433,395,65,0.22,0.14,0.22,0.07999999999999999,36.36363636363636,0,"2025-10-23T07:49:47.974Z"
434,395,65,0.206,0.129,0.253,0.124,49.01185770750988,47.000000000000014,"2025-10-23T14:00:52.601Z"
435,395,65,0.228,0.144,0.228,0.08400000000000002,36.842105263157904,0,"2025-10-23T20:11:03.667Z"
436,395,65,0.204,0.141,0.226,0.08500000000000002,37.61061946902656,22.00000000000002,"2025-10-23T20:20:31.279Z"
437,395,65,0.221,0.151,0.241,0.09,37.344398340248965,19.99999999999999,"2025-10-23T20:30:14.428Z"
438,395,65,0.236,0.153,0.236,0.08299999999999999,35.16949152542372,0,"2025-10-23T20:36:36.493Z"
439,395,65,0.234,0.14,0.234,0.094,40.17094017094017,0,"2025-10-24T04:28:22.693Z"
440,395,65,0.257,0.161,0.28,0.11900000000000002,42.50000000000001,23.00000000000002,"2025-10-24T06:40:13.555Z"
441,395,65,0.258,0.179,0.3,0.121,40.33333333333333,41.99999999999998,"2025-10-24T17:38:48.787Z"
442,395,65,0.224,0.138,0.224,0.086,38.39285714285714,0,"2025-10-24T23:30:05.029Z"
443,395,65,0.2,0.119,0.2,0.08100000000000002,40.50000000000001,0,"2025-10-25T00:23:30.277Z"
444,395,65,0.234,0.13,0.267,0.137,51.31086142322098,33,"2025-10-25T00:31:32.692Z"
445,395,65,0.235,0.144,0.268,0.12400000000000003,46.268656716417915,33.00000000000003,"2025-10-25T02:32:31.760Z"
446,395,65,0.23,0.133,0.23,0.097,42.173913043478265,0,"2025-10-25T04:53:11.966Z"
447,395,65,0.148,0.085,0.148,0.06299999999999999,42.56756756756756,0,"2025-10-25T06:47:25.439Z"
448,395,65,0.242,0.153,0.242,0.089,36.77685950413223,0,"2025-10-25T19:56:50.227Z"
449,395,65,0.215,0.123,0.215,0.092,42.7906976744186,0,"2025-10-25T20:11:50.320Z"
450,395,65,0.224,0.135,0.224,0.089,39.732142857142854,0,"2025-10-25T21:34:30.432Z"
451,385,65,0.171,0.098,0.171,0.07300000000000001,42.69005847953217,0,"2025-10-26T02:42:21.874Z"
452,385,65,0.223,0.137,0.223,0.086,38.56502242152466,0,"2025-10-26T12:43:31.184Z"
453,385,65,0.15,0.091,0.15,0.059,39.33333333333333,0,"2025-10-26T21:42:45.473Z"
454,385,65,0.206,0.125,0.206,0.08099999999999999,39.32038834951456,0,"2025-10-26T23:07:11.462Z"
455,385,70,0.226,0.172,0.268,0.09600000000000003,35.82089552238807,42.00000000000001,"2025-10-27T01:14:43.820Z"
456,385,65,0.071,0.047,0.071,0.023999999999999994,33.80281690140844,0,"2025-10-27T07:04:32.532Z"
457,385,65,0.219,0.129,0.219,0.09,41.0958904109589,0,"2025-10-27T16:16:15.760Z"
458,385,65,0.238,0.152,0.238,0.086,36.134453781512605,0,"2025-10-27T18:09:26.735Z"
459,385,65,0.209,0.136,0.209,0.07299999999999998,34.92822966507176,0,"2025-10-27T20:13:45.416Z"
460,385,65,0.139,0.114,0.166,0.052000000000000005,31.32530120481928,26.999999999999996,"2025-10-27T21:18:37.834Z"
461,385,65,0.238,0.143,0.238,0.095,39.91596638655462,0,"2025-10-27T22:50:46.364Z"
462,385,65,0.191,0.129,0.191,0.062,32.460732984293195,0,"2025-10-28T02:23:50.255Z"
463,385,70,0.194,0.129,0.194,0.065,33.50515463917525,0,"2025-10-28T18:34:29.229Z"
464,385,70,0.204,0.134,0.204,0.06999999999999998,34.31372549019607,0,"2025-10-28T20:20:55.194Z"
465,385,80,0.235,0.186,0.266,0.08000000000000002,30.075187969924816,31.00000000000003,"2025-10-28T20:29:38.352Z"
466,385,80,0.235,0.153,0.235,0.08199999999999999,34.89361702127659,0,"2025-10-28T20:42:50.816Z"
467,385,80,0.257,0.138,0.257,0.119,46.30350194552529,0,"2025-10-29T01:16:45.727Z"
468,385,65,0.243,0.152,0.243,0.091,37.4485596707819,0,"2025-10-29T01:23:29.283Z"
469,385,70,0.18,0.116,0.18,0.06399999999999999,35.55555555555555,0,"2025-10-29T01:28:53.646Z"
470,385,70,0.216,0.13,0.216,0.086,39.81481481481482,0,"2025-10-29T02:29:01.816Z"
471,385,65,0.316,0.204,0.316,0.11200000000000002,35.44303797468355,0,"2025-10-29T02:35:00.020Z"
473,385,65,0.174,0.109,0.174,0.06499999999999999,37.35632183908045,0,"2025-10-29T11:36:33.747Z"
473,395,70,0.192,0.123,0.192,0.069,35.9375,0,"2025-10-29T12:09:59.692Z"
474,395,70,0.194,0.139,0.254,0.11499999999999999,45.2755905511811,60,"2025-10-29T12:18:05.062Z"
475,395,85,0.165,0.118,0.165,0.047000000000000014,28.48484848484849,0,"2025-10-29T12:24:04.886Z"
476,395,70,0.206,0.134,0.206,0.07199999999999998,34.9514563106796,0,"2025-10-29T13:19:40.013Z"
477,395,65,0.173,0.113,0.173,0.059999999999999984,34.682080924855484,0,"2025-10-29T22:05:04.153Z"
478,395,65,0.2,0.126,0.2,0.07400000000000001,37.00000000000001,0,"2025-10-29T22:08:51.816Z"
479,395,65,0.166,0.102,0.166,0.06400000000000002,38.55421686746989,0,"2025-10-29T22:44:43.438Z"
480,395,65,0.166,0.102,0.166,0.06400000000000002,38.55421686746989,0,"2025-10-30T01:16:06.421Z"
481,395,65,0.178,0.1,0.178,0.07799999999999999,43.82022471910112,0,"2025-10-30T01:17:45.280Z"
482,395,65,0.215,0.13,0.215,0.08499999999999999,39.53488372093023,0,"2025-10-30T01:38:23.479Z"
483,395,65,0.217,0.132,0.217,0.08499999999999999,39.17050691244239,0,"2025-10-30T01:51:03.019Z"
484,395,65,0.213,0.123,0.213,0.09,42.25352112676056,0,"2025-10-30T03:03:55.061Z"
485,395,65,0.116,0.064,0.116,0.052000000000000005,44.827586206896555,0,"2025-10-30T05:15:44.731Z"
486,395,65,0.151,0.088,0.151,0.063,41.72185430463576,0,"2025-10-30T10:30:37.166Z"
487,395,65,0.18,0.112,0.18,0.06799999999999999,37.77777777777778,0,"2025-10-30T10:36:22.529Z"
489,395,65,0.234,0.139,0.234,0.095,40.598290598290596,0,"2025-10-30T20:15:29.026Z"
489,395,65,0.205,0.125,0.205,0.07999999999999999,39.02439024390244,0,"2025-10-30T20:42:52.126Z"
490,395,65,0.202,0.117,0.202,0.085,42.07920792079208,0,"2025-10-31T02:49:02.121Z"
491,395,65,0.164,0.105,0.164,0.05900000000000001,35.97560975609756,0,"2025-10-31T02:52:51.532Z"
492,395,65,0.215,0.136,0.215,0.07899999999999999,36.74418604651162,0,"2025-10-31T02:59:22.137Z"
493,395,65,0.2,0.116,0.2,0.084,42,0,"2025-10-31T18:37:07.957Z"
494,395,65,0.179,0.104,0.179,0.075,41.899441340782126,0,"2025-10-31T18:47:09.616Z"
495,395,65,0.177,0.102,0.192,0.09000000000000001,46.87500000000001,15.000000000000014,"2025-11-01T00:01:44.430Z"
496,395,55,0.15,0.086,0.15,0.064,42.66666666666667,0,"2025-11-01T00:30:30.710Z"
497,395,65,0.194,0.117,0.194,0.077,39.69072164948454,0,"2025-11-01T01:51:05.018Z"
498,395,65,0.21,0.133,0.21,0.07699999999999999,36.66666666666666,0,"2025-11-01T01:56:20.718Z"
499,395,65,0.187,0.102,0.187,0.085,45.45454545454546,0,"2025-11-01T03:22:19.093Z"
500,395,65,0.161,0.105,0.161,0.05600000000000001,34.78260869565218,0,"2025-11-01T03:29:26.261Z"
501,395,65,0.2,0.119,0.218,0.099,45.412844036697244,17.99999999999999,"2025-11-01T20:00:42.809Z"
502,395,65,0.167,0.1,0.167,0.067,40.119760479041915,0,"2025-11-01T23:44:55.198Z"
503,395,65,0.146,0.081,0.146,0.06499999999999999,44.52054794520547,0,"2025-11-02T00:36:41.409Z"
504,395,65,0.181,0.105,0.181,0.076,41.988950276243095,0,"2025-11-02T01:15:28.048Z"
505,395,65,0.253,0.149,0.253,0.10400000000000001,41.10671936758894,0,"2025-11-02T01:30:02.440Z"
506,395,65,0.188,0.102,0.188,0.08600000000000001,45.74468085106383,0,"2025-11-02T01:52:54.750Z"
507,395,65,0.16,0.1,0.16,0.06,37.5,0,"2025-11-02T20:52:15.428Z"
508,395,65,0.176,0.111,0.176,0.06499999999999999,36.93181818181818,0,"2025-11-02T21:06:09.657Z"
509,395,65,0.18,0.111,0.18,0.06899999999999999,38.33333333333333,0,"2025-11-03T00:16:12.030Z"
510,395,65,0.234,0.141,0.234,0.09300000000000003,39.74358974358975,0,"2025-11-03T00:22:19.088Z"
511,395,65,0.186,0.113,0.186,0.073,39.247311827956985,0,"2025-11-03T04:25:55.874Z"
512,395,65,0.179,0.108,0.179,0.071,39.66480446927374,0,"2025-11-03T09:38:34.322Z"
513,395,65,0.153,0.139,0.199,0.06,30.15075376884422,46.000000000000014,"2025-11-03T20:18:41.184Z"
514,395,70,0.2,0.119,0.2,0.08100000000000002,40.50000000000001,0,"2025-11-03T20:20:47.323Z"
515,395,65,0.181,0.111,0.181,0.06999999999999999,38.674033149171265,0,"2025-11-03T23:52:11.899Z"
516,395,65,0.188,0.1,0.188,0.088,46.80851063829787,0,"2025-11-04T03:42:21.693Z"
517,395,65,0.193,0.116,0.193,0.077,39.89637305699482,0,"2025-11-05T03:48:10.344Z"
518,395,65,0.174,0.124,0.204,0.07999999999999999,39.2156862745098,30,"2025-11-05T20:54:04.419Z"
519,395,65,0.207,0.133,0.207,0.07399999999999998,35.748792270531396,0,"2025-11-05T21:02:21.555Z"
520,395,65,0.2,0.122,0.2,0.07800000000000001,39.00000000000001,0,"2025-11-05T23:18:47.668Z"
521,395,65,0.163,0.116,0.223,0.107,47.98206278026906,60,"2025-11-06T02:21:43.451Z"
522,395,65,0.216,0.166,0.264,0.098,37.121212121212125,48.000000000000014,"2025-11-06T02:33:28.324Z"
523,395,65,0.214,0.124,0.214,0.09,42.05607476635514,0,"2025-11-06T02:52:58.061Z"
524,395,65,0.164,0.1,0.164,0.064,39.02439024390244,0,"2025-11-06T03:06:34.923Z"
525,395,65,0.2,0.128,0.2,0.07200000000000001,36.00000000000001,0,"2025-11-06T03:13:31.156Z"
526,395,65,0.184,0.111,0.184,0.073,39.67391304347826,0,"2025-11-06T17:45:43.793Z"
527,395,65,0.2,0.12,0.2,0.08000000000000002,40.00000000000001,0,"2025-11-06T20:28:46.263Z"
528,395,65,0.213,0.129,0.213,0.08399999999999999,39.436619718309856,0,"2025-11-08T21:21:07.651Z"
529,395,65,0.143,0.081,0.143,0.061999999999999986,43.356643356643346,0,"2025-11-09T00:09:37.038Z"
530,395,65,0.189,0.116,0.189,0.073,38.62433862433862,0,"2025-11-09T00:34:10.981Z"
531,395,65,0.146,0.086,0.146,0.06,41.09589041095891,0,"2025-11-09T03:53:55.977Z"
532,395,65,0.127,0.093,0.167,0.07400000000000001,44.311377245508986,40.00000000000001,"2025-11-09T08:26:36.945Z"
533,395,65,0.117,0.086,0.117,0.031000000000000014,26.495726495726508,0,"2025-11-09T17:39:46.504Z"
535,395,65,0.179,0.099,0.205,0.10599999999999998,51.70731707317072,25.999999999999996,"2025-11-09T20:36:22.006Z"
535,395,65,0.158,0.1,0.178,0.07799999999999999,43.82022471910112,19.99999999999999,"2025-11-09T23:00:40.274Z"
536,395,65,0.194,0.16,0.236,0.07599999999999998,32.20338983050847,41.99999999999998,"2025-11-09T23:12:37.622Z"
537,395,65,0.135,0.084,0.135,0.051000000000000004,37.77777777777778,0,"2025-11-10T00:51:34.255Z"
538,395,65,0.186,0.106,0.186,0.08,43.01075268817204,0,"2025-11-10T01:44:29.108Z"
539,395,65,0.144,0.081,0.144,0.06299999999999999,43.74999999999999,0,"2025-11-10T18:33:59.575Z"
540,395,65,0.177,0.1,0.177,0.07699999999999999,43.50282485875706,0,"2025-11-10T21:04:28.777Z"
541,395,65,0.204,0.12,0.217,0.097,44.70046082949309,13.00000000000001,"2025-11-10T21:34:03.001Z"
542,395,65,0.171,0.102,0.171,0.06900000000000002,40.350877192982466,0,"2025-11-10T21:50:27.638Z"
543,395,65,0.181,0.1,0.181,0.08099999999999999,44.75138121546961,0,"2025-11-11T03:40:19.067Z"
544,395,65,0.171,0.104,0.171,0.06700000000000002,39.181286549707615,0,"2025-11-11T04:12:35.583Z"
545,555,55,0.075,0.047,0.075,0.027999999999999997,37.33333333333333,0,"2025-11-13T08:31:26.143Z"
546,555,55,0.097,0.069,0.097,0.027999999999999997,28.865979381443296,0,"2025-11-13T08:36:07.077Z"
547,555,55,0.102,0.077,0.102,0.024999999999999994,24.509803921568622,0,"2025-11-13T08:42:27.244Z"
548,555,55,0.13,0.094,0.13,0.036000000000000004,27.692307692307693,0,"2025-11-13T19:13:44.922Z"
549,535,0,0.125,0.084,0.125,0.040999999999999995,32.8,0,"2025-11-14T00:51:39.601Z"
550,535,0,0.145,0.091,0.145,0.05399999999999999,37.241379310344826,0,"2025-11-14T01:26:43.896Z"
551,535,0,0.14,0.095,0.14,0.04500000000000001,32.14285714285715,0,"2025-11-14T03:36:46.228Z"
552,395,65,0.158,0.091,0.158,0.067,42.40506329113924,0,"2025-11-14T04:37:50.321Z"
553,395,65,0.15,0.082,0.15,0.06799999999999999,45.33333333333333,0,"2025-11-14T23:07:15.517Z"
554,395,65,0.165,0.089,0.165,0.07600000000000001,46.06060606060606,0,"2025-11-15T23:36:07.647Z"
555,395,65,0.11,0.063,0.11,0.047,42.72727272727273,0,"2025-11-15T23:51:37.709Z"
556,395,65,0.187,0.116,0.187,0.071,37.96791443850267,0,"2025-11-17T02:27:28.590Z"
557,395,65,0.17,0.097,0.17,0.07300000000000001,42.94117647058824,0,"2025-11-17T03:24:53.884Z"
558,395,65,0.112,0.06,0.112,0.052000000000000005,46.42857142857143,0,"2025-11-17T05:07:31.926Z"
559,535,0,0.11,0.073,0.11,0.037000000000000005,33.63636363636364,0,"2025-11-17T05:13:48.357Z"
560,395,65,0.178,0.1,0.178,0.07799999999999999,43.82022471910112,0,"2025-11-17T19:17:42.304Z"
561,395,65,0.172,0.1,0.172,0.07199999999999998,41.86046511627906,0,"2025-11-17T23:49:39.582Z"
562,395,65,0.187,0.109,0.187,0.078,41.711229946524064,0,"2025-11-18T21:52:29.340Z"
563,395,65,0.126,0.072,0.126,0.054000000000000006,42.85714285714286,0,"2025-11-19T23:31:15.119Z"
564,395,65,0.233,0.148,0.233,0.08500000000000002,36.480686695278976,0,"2025-11-22T11:09:43.547Z"
565,395,65,0.137,0.076,0.137,0.06100000000000001,44.525547445255484,0,"2025-11-22T18:03:59.667Z"
566,395,65,0.097,0.057,0.097,0.04,41.23711340206185,0,"2025-11-23T14:54:24.436Z"
567,395,65,0.164,0.1,0.164,0.064,39.02439024390244,0,"2025-11-23T16:16:02.646Z"
568,395,65,0.21,0.139,0.21,0.07099999999999998,33.8095238095238,0,"2025-11-23T16:23:27.177Z"
569,395,65,0.164,0.097,0.164,0.067,40.85365853658537,0,"2025-11-24T03:45:26.347Z"
570,395,65,0.205,0.132,0.205,0.07299999999999998,35.60975609756097,0,"2025-11-25T01:39:43.615Z"
571,395,65,0.135,0.077,0.135,0.05800000000000001,42.96296296296297,0,"2025-11-25T05:08:56.363Z"
572,395,65,0.148,0.087,0.148,0.061,41.21621621621622,0,"2025-11-25T16:51:40.577Z"
573,395,65,0.23,0.138,0.23,0.092,40,0,"2025-11-25T20:13:18.532Z"
574,395,65,0.192,0.116,0.192,0.076,39.58333333333333,0,"2025-11-26T02:01:30.402Z"
575,395,65,0.277,0.168,0.277,0.10900000000000001,39.35018050541517,0,"2025-11-26T02:31:44.534Z"
576,395,65,0.273,0.175,0.273,0.09800000000000003,35.89743589743591,0,"2025-11-26T18:32:54.015Z"
577,395,65,0.183,0.105,0.183,0.078,42.622950819672134,0,"2025-11-26T22:33:13.763Z"
578,395,65,0.207,0.141,0.232,0.09100000000000003,39.22413793103449,25.00000000000002,"2025-11-26T22:42:26.610Z"
580,395,65,0.139,0.076,0.139,0.06300000000000001,45.32374100719425,0,"2025-11-27T00:26:44.455Z"
580,395,65,0.144,0.105,0.178,0.073,41.01123595505618,34,"2025-11-27T00:32:39.515Z"
581,395,65,0.196,0.122,0.196,0.07400000000000001,37.75510204081633,0,"2025-11-27T16:39:10.441Z"
582,395,65,0.171,0.099,0.171,0.07200000000000001,42.10526315789474,0,"2025-11-27T17:36:45.410Z"
583,395,65,0.163,0.114,0.196,0.082,41.83673469387755,33,"2025-11-27T17:47:32.054Z"
584,395,65,0.2,0.127,0.2,0.07300000000000001,36.50000000000001,0,"2025-11-27T22:27:52.645Z"
585,395,65,0.186,0.11,0.203,0.09300000000000001,45.8128078817734,17.000000000000014,"2025-11-27T22:34:41.341Z"
586,395,65,0.176,0.126,0.217,0.091,41.935483870967744,41.00000000000001,"2025-11-27T22:59:52.593Z"
587,395,65,0.186,0.104,0.207,0.103,49.75845410628019,20.99999999999999,"2025-11-28T00:01:07.688Z"
588,395,65,0.16,0.097,0.16,0.063,39.375,0,"2025-11-28T16:09:28.158Z"
589,395,65,0.142,0.088,0.142,0.05399999999999999,38.028169014084504,0,"2025-11-28T17:59:47.140Z"
590,395,65,0.134,0.074,0.134,0.06000000000000001,44.77611940298508,0,"2025-11-28T18:04:19.738Z"
591,395,65,0.106,0.066,0.106,0.039999999999999994,37.73584905660377,0,"2025-11-28T22:12:56.362Z"
592,395,65,0.166,0.099,0.166,0.067,40.36144578313253,0,"2025-11-29T02:05:53.578Z"
593,395,65,0.175,0.113,0.175,0.061999999999999986,35.42857142857142,0,"2025-11-29T04:55:43.319Z"
594,385,70,0.185,0.115,0.185,0.06999999999999999,37.83783783783783,0,"2025-11-29T05:49:32.997Z"
595,385,70,0.2,0.127,0.2,0.07300000000000001,36.50000000000001,0,"2025-11-29T05:57:00.511Z"
596,385,70,0.24,0.158,0.24,0.08199999999999999,34.166666666666664,0,"2025-11-29T06:05:47.336Z"
597,385,70,0.223,0.153,0.223,0.07,31.390134529147986,0,"2025-11-30T03:08:17.841Z"
598,385,70,0.232,0.133,0.232,0.099,42.672413793103445,0,"2025-11-30T03:48:16.563Z"
599,385,70,0.2,0.11,0.2,0.09000000000000001,45,0,"2025-11-30T17:35:52.775Z"
600,385,100,0.218,0.125,0.218,0.093,42.6605504587156,0,"2025-11-30T17:55:28.123Z"
601,385,70,0.203,0.114,0.203,0.08900000000000001,43.84236453201971,0,"2025-11-30T18:00:14.962Z"
602,385,70,0.237,0.149,0.237,0.088,37.130801687763714,0,"2025-11-30T18:07:57.726Z"
603,385,70,0.2,0.138,0.2,0.062,31,0,"2025-12-01T22:29:03.461Z"
604,385,70,0.163,0.1,0.163,0.063,38.65030674846626,0,"2025-12-01T23:46:51.103Z"
605,385,70,0.183,0.111,0.183,0.072,39.34426229508197,0,"2025-12-02T02:50:04.388Z"
606,440,0,0.044,0.023,0.044,0.020999999999999998,47.72727272727273,0,"2025-12-02T21:01:40.377Z"
607,440,0,0.084,0.056,0.096,0.04,41.66666666666667,11.999999999999996,"2025-12-02T21:02:00.846Z"
608,440,0,0.086,0.056,0.096,0.04,41.66666666666667,10.000000000000009,"2025-12-03T03:26:06.552Z"
609,440,0,0.095,0.064,0.022000000000000006,0.053000000000000005,45.2991452991453,22.000000000000007,"2025-12-03T04:09:57.926Z"
611,440,0,0.084,0.05,0.011999999999999997,0.046,47.916666666666664,11.999999999999996,"2025-12-03T17:19:07.414Z"
611,440,0,0.067,0.042,0.018000000000000002,0.043000000000000003,50.588235294117645,18.000000000000004,"2025-12-03T20:26:59.795Z"
612,440,0,0.083,0.053,0.017,0.04700000000000001,47,17,"2025-12-03T22:57:24.581Z"
613,440,0,0.093,0.049,0.0040000000000000036,0.048,49.48453608247423,4.0000000000000036,"2025-12-04T20:05:50.168Z"
614,440,0,0.0095,0.062,0.1115,0.059,48.760330578512395,111.5,"2025-12-06T02:46:07.198Z"
615,440,0,0.076,0.044,null,0.032,42.10526315789474,0,"2025-12-06T21:02:56.270Z"
616,440,0,0.095,0.061,null,0.034,35.78947368421053,0,"2025-12-07T00:41:09.401Z"
617,440,0,0.11,0.073,null,0.037000000000000005,33.63636363636364,0,"2025-12-07T01:21:52.760Z"
618,440,0,0.078,0.048,null,0.03,38.46153846153846,0,"2025-12-07T02:20:30.229Z"
619,385,70,0.169,0.108,null,0.06100000000000001,36.09467455621302,0,"2025-12-07T03:23:01.774Z"
620,440,0,0.077,0.048,null,0.028999999999999998,37.662337662337656,0,"2025-12-08T02:51:14.829Z"
621,385,70,0.128,0.113,null,0.06699999999999999,37.222222222222214,51.99999999999999,"2025-12-08T03:04:41.375Z"
622,385,70,0.146,0.091,null,0.05499999999999999,37.671232876712324,0,"2025-12-08T03:22:59.431Z"
623,440,0,0.067,0.037,0,0.030000000000000006,44.77611940298508,0,"2025-12-08T05:56:15.741Z"
624,440,0,0.088,0.062,0,0.025999999999999995,29.54545454545454,0,"2025-12-09T17:10:23.706Z"
625,440,0,0.091,0.063,0,0.027999999999999997,30.769230769230766,0,"2025-12-09T18:11:56.226Z"
626,440,0,0.085,0.059,0,0.02600000000000001,30.588235294117656,0,"2025-12-09T18:14:39.154Z"
627,440,0,0.073,0.046,0,0.026999999999999996,36.986301369863014,0,"2025-12-09T18:42:11.214Z"
628,440,0,0.085,0.054,0,0.031000000000000007,36.47058823529412,0,"2025-12-09T18:45:08.265Z"
629,440,0,0.067,0.043,0,0.024000000000000007,35.82089552238807,0,"2025-12-09T21:41:27.429Z"
630,440,0,0.08,0.057,0,0.023,28.749999999999996,0,"2025-12-09T21:44:31.954Z"
631,440,0,0.11,0.071,0,0.03900000000000001,35.45454545454546,0,"2025-12-10T00:04:21.801Z"
633,440,0,0.079,0.067,0.024999999999999994,0.03699999999999999,35.57692307692307,24.999999999999993,"2025-12-10T22:20:43.694Z"
633,440,0,0.073,0.062,0.016,0.026999999999999996,30.33707865168539,16,"2025-12-11T06:46:15.842Z"
634,385,70,0.183,0.16,0.05499999999999999,0.07799999999999999,32.773109243697476,54.99999999999999,"2025-12-11T21:47:09.526Z"
635,385,70,0.166,0.108,0,0.05800000000000001,34.93975903614458,0,"2025-12-14T02:59:12.467Z"
636,385,70,0.162,0.099,0,0.063,38.88888888888889,0,"2025-12-14T05:16:25.480Z"
637,385,70,0.219,0.145,0,0.07400000000000001,33.789954337899545,0,"2025-12-15T02:14:24.412Z"
638,385,70,0.186,0.17,0.067,0.08299999999999999,32.80632411067193,67,"2025-12-15T03:26:26.364Z"
639,385,70,0.168,0.097,0,0.07100000000000001,42.26190476190476,0,"2025-12-15T04:55:33.184Z"
640,385,70,0.176,0.165,0.07,0.08099999999999999,32.92682926829268,70,"2025-12-15T21:30:37.447Z"
641,385,70,0.161,0.097,0,0.064,39.75155279503105,0,"2025-12-17T16:20:10.196Z"
642,385,70,0.165,0.093,0,0.07200000000000001,43.63636363636364,0,"2025-12-17T21:24:27.988Z"
643,385,70,0.195,0.114,0,0.081,41.53846153846154,0,"2025-12-17T21:52:38.437Z"
644,385,70,0.185,0.11,0,0.075,40.54054054054054,0,"2025-12-18T00:00:11.341Z"
645,385,70,0.205,0.121,0,0.08399999999999999,40.97560975609756,0,"2025-12-18T02:23:45.219Z"
646,385,70,0.218,0.14,0,0.07799999999999999,35.77981651376147,0,"2025-12-18T02:32:12.832Z"
647,385,70,0.2,0.127,0,0.07300000000000001,36.50000000000001,0,"2025-12-18T15:33:39.681Z"
648,385,70,0.182,0.1,0,0.08199999999999999,45.05494505494505,0,"2025-12-18T18:10:42.155Z"
649,385,70,0.2,0.113,0,0.08700000000000001,43.5,0,"2025-12-18T19:25:49.807Z"
650,385,70,0.206,0.127,0,0.07899999999999999,38.34951456310679,0,"2025-12-19T04:34:43.081Z"
651,385,70,0.21,0.132,0,0.07799999999999999,37.14285714285714,0,"2025-12-19T19:28:39.711Z"
652,385,70,0.289,0.188,0,0.10099999999999998,34.94809688581314,0,"2025-12-20T00:35:33.610Z"
653,385,70,0.22,0.142,0,0.07800000000000001,35.45454545454546,0,"2025-12-21T01:28:35.094Z"
654,385,70,0.179,0.115,0.024999999999999994,0.08899999999999998,43.627450980392155,24.999999999999993,"2025-12-21T05:02:29.891Z"
655,385,70,0.2,0.12,0,0.08000000000000002,40.00000000000001,0,"2025-12-21T05:13:17.386Z"
656,385,70,0.258,0.16,0,0.098,37.98449612403101,0,"2025-12-21T06:53:25.390Z"
657,385,70,0.26,0.164,0,0.096,36.92307692307693,0,"2025-12-21T07:16:52.176Z"
658,385,70,0.181,0.116,0,0.06499999999999999,35.911602209944746,0,"2025-12-21T21:53:04.280Z"
659,385,70,0.22,0.131,0,0.089,40.45454545454545,0,"2025-12-22T02:21:53.547Z"
660,385,70,0.261,0.166,0,0.095,36.39846743295019,0,"2025-12-22T02:34:19.447Z"
661,385,70,0.233,0.149,0,0.08400000000000002,36.051502145922754,0,"2025-12-22T02:45:26.764Z"
662,385,70,0.258,0.174,0,0.08400000000000002,32.55813953488373,0,"2025-12-22T02:52:48.279Z"
663,385,70,0.261,0.161,0,0.1,38.31417624521073,0,"2025-12-22T03:10:07.530Z"
664,385,70,0.258,0.187,0.014000000000000012,0.08500000000000002,31.250000000000007,14.000000000000012,"2025-12-22T03:24:01.554Z"
665,385,70,0.244,0.138,0,0.10599999999999998,43.44262295081967,0,"2025-12-22T03:44:44.411Z"
666,385,70,0.181,0.106,0,0.075,41.43646408839779,0,"2025-12-22T05:15:25.403Z"
667,385,70,0.188,0.121,0,0.067,35.63829787234043,0,"2025-12-22T12:25:37.469Z"
668,385,150,0.15,0.09,0,0.06,40,0,"2025-12-22T12:29:55.062Z"
669,385,70,0.174,0.106,0.174,0.06799999999999999,39.08045977011494,0,"2025-12-24T19:26:19.652Z"
670,385,70,0.2,0.115,0,0.085,42.5,0,"2025-12-24T21:13:23.262Z"
671,385,70,0.202,0.12,0,0.08200000000000002,40.594059405940605,0,"2025-12-25T20:21:40.249Z"
672,385,70,0.209,0.128,0,0.08099999999999999,38.75598086124402,0,"2025-12-25T20:38:42.118Z"
673,385,70,0.217,0.119,0,0.098,45.16129032258065,0,"2025-12-25T21:48:29.822Z"
674,385,70,0.218,0.121,0,0.097,44.4954128440367,0,"2025-12-26T03:05:32.102Z"
676,385,70,0.197,0.111,0,0.08600000000000001,43.654822335025386,0,"2025-12-26T17:22:52.214Z"
676,385,70,0.17,0.1,0,0.07,41.1764705882353,0,"2025-12-26T20:16:06.760Z"
677,385,70,0.233,0.152,0,0.08100000000000002,34.76394849785408,0,"2025-12-26T20:27:28.151Z"
678,385,70,0.236,0.16,0,0.07599999999999998,32.20338983050847,0,"2025-12-26T20:33:47.697Z"
679,385,70,0.145,0.086,0,0.059,40.689655172413794,0,"2025-12-26T22:10:34.781Z"
680,385,70,0.176,0.108,0,0.06799999999999999,38.63636363636363,0,"2025-12-26T22:46:10.143Z"
681,385,70,0.167,0.095,0,0.07200000000000001,43.11377245508982,0,"2025-12-27T05:09:06.048Z"
682,385,70,0.179,0.11,0,0.06899999999999999,38.547486033519554,0,"2025-12-27T05:13:09.191Z"
683,385,70,0.191,0.124,0,0.067,35.07853403141362,0,"2025-12-27T17:21:58.937Z"
684,385,70,0.251,0.154,0,0.097,38.645418326693225,0,"2025-12-27T17:40:23.891Z"
685,385,70,0.128,0.081,0,0.047,36.71875,0,"2025-12-27T17:55:22.908Z"
686,385,70,0.208,0.117,0,0.09099999999999998,43.74999999999999,0,"2025-12-27T18:41:41.722Z"
687,385,70,0.174,0.095,0,0.07899999999999999,45.40229885057471,0,"2025-12-28T03:40:18.928Z"
688,440,0,0.097,0.058,0,0.039,40.20618556701031,0,"2025-12-28T18:15:09.475Z"
689,385,75,0.182,0.105,0,0.077,42.30769230769231,0,"2025-12-28T18:31:42.642Z"
690,420,30,0.111,0.068,0,0.043,38.73873873873874,0,"2025-12-28T18:38:08.630Z"
691,420,45,0.121,0.073,0,0.048,39.66942148760331,0,"2025-12-29T01:25:11.559Z"
692,420,38,0.148,0.095,0,0.05299999999999999,35.81081081081081,0,"2025-12-29T01:30:16.437Z"
693,395,38,0.11,0.065,0,0.045,40.90909090909091,0,"2025-12-29T01:51:12.354Z"
694,395,38,0.108,0.069,0,0.03899999999999999,36.11111111111111,0,"2025-12-29T07:01:56.478Z"
695,395,60,0.107,0.065,0.107,0.041999999999999996,39.25233644859813,0,"2025-12-29T07:10:03.044Z"
696,395,40,0.138,0.082,0,0.05600000000000001,40.57971014492754,0,"2025-12-29T08:10:54.158Z"
698,395,40,0.109,0.072,0,0.037000000000000005,33.94495412844037,0,"2025-12-29T08:15:12.220Z"
698,395,40,0.096,0.059,0,0.037000000000000005,38.54166666666667,0,"2025-12-29T08:23:13.501Z"
700,395,40,0.075,0.063,0.028999999999999998,0.040999999999999995,39.42307692307692,28.999999999999996,"2025-12-29T08:35:19.660Z"
700,380,75,0.151,0.084,0,0.06699999999999999,44.370860927152314,0,"2025-12-29T17:25:49.033Z"
701,380,75,0.116,0.071,0,0.04500000000000001,38.79310344827587,0,"2025-12-29T17:36:50.991Z"
702,380,75,0.141,0.074,0,0.06699999999999999,47.5177304964539,0,"2025-12-29T18:29:09.922Z"
703,380,75,0.221,0.133,0,0.088,39.81900452488688,0,"2025-12-29T18:42:47.121Z"
704,380,75,0.154,0.091,0,0.063,40.909090909090914,0,"2025-12-30T01:34:33.972Z"
705,380,75,0.224,0.134,0,0.09,40.17857142857142,0,"2025-12-30T01:51:22.756Z"
706,395,40,0.106,0.063,0,0.043,40.56603773584905,0,"2025-12-30T01:58:36.562Z"
707,395,40,0.16,0.142,0.06,0.07800000000000001,35.45454545454546,60,"2025-12-30T04:22:32.252Z"
708,380,75,0.215,0.128,0,0.087,40.46511627906976,0,"2025-12-30T04:34:14.203Z"
709,380,75,0.25,0.223,0.062,0.089,28.525641025641026,62,"2025-12-30T04:40:46.686Z"
710,380,40,0.178,0.115,0,0.06299999999999999,35.393258426966284,0,"2025-12-30T23:51:01.901Z"
711,380,40,0.2,0.131,0,0.069,34.5,0,"2025-12-31T02:37:58.799Z"
712,380,45,0.184,0.126,0,0.057999999999999996,31.521739130434778,0,"2025-12-31T02:43:48.077Z"
713,395,45,0.145,0.095,0,0.04999999999999999,34.48275862068965,0,"2025-12-31T03:23:47.934Z"
714,385,75,0.229,0.148,0,0.08100000000000002,35.37117903930132,0,"2025-12-31T19:07:59.054Z"
715,385,75,0.147,0.106,0,0.040999999999999995,27.89115646258503,0,"2025-12-31T20:01:58.252Z"
716,405,75,0.168,0.107,0.168,0.06100000000000001,36.30952380952381,0,"2025-12-31T20:09:49.078Z"
717,405,75,0.251,0.158,0.251,0.093,37.05179282868526,0,"2025-12-31T20:23:42.190Z"
718,405,75,0.23,0.132,0.23,0.098,42.608695652173914,0,"2025-12-31T20:47:50.965Z"
719,395,40,0.2,0.118,0,0.08200000000000002,41.00000000000001,0,"2025-12-31T23:24:06.451Z"
720,390,65,0.168,0.093,0,0.07500000000000001,44.642857142857146,0,"2026-01-01T00:28:38.802Z"
721,390,65,0.179,0.1,0,0.07899999999999999,44.1340782122905,0,"2026-01-01T00:44:25.557Z"
722,390,65,0.171,0.094,0,0.07700000000000001,45.02923976608187,0,"2026-01-01T02:51:45.126Z"
723,390,70,0.159,0.086,0,0.07300000000000001,45.911949685534594,0,"2026-01-01T04:27:54.063Z"
724,390,70,0.227,0.134,0,0.093,40.96916299559471,0,"2026-01-01T05:56:56.534Z"
725,395,70,0.224,0.134,0.03,0.12,47.24409448818898,30,"2026-01-01T08:03:52.246Z"
726,385,75,0.145,0.087,0.018000000000000016,0.07600000000000001,46.62576687116565,18.000000000000014,"2026-01-01T10:40:44.741Z"
727,385,75,0.178,0.131,0,0.046999999999999986,26.404494382022463,0,"2026-01-01T18:29:35.323Z"
728,395,65,0.23,0.159,0.23,0.07100000000000001,30.869565217391305,0,"2026-01-01T18:42:15.621Z"
729,385,65,0.235,0.149,0.028000000000000025,0.11400000000000002,43.34600760456274,28.000000000000025,"2026-01-02T03:15:39.146Z"
730,385,65,0.193,0.114,0,0.079,40.932642487046635,0,"2026-01-03T01:47:45.725Z"
731,385,65,0.17,0.146,0.10200000000000001,0.12600000000000003,46.32352941176471,102.00000000000001,"2026-01-03T21:33:42.964Z"
732,385,65,0.173,0.117,0.04400000000000001,0.09999999999999999,46.08294930875576,44.000000000000014,"2026-01-05T20:34:48.925Z"
733,395,40,0.215,0.158,0.038000000000000006,0.095,37.54940711462451,38.00000000000001,"2026-01-06T00:20:34.143Z"
735,395,40,0.231,0.149,0.05000000000000002,0.13200000000000003,46.97508896797154,50.000000000000014,"2026-01-07T04:05:31.251Z"
735,385,65,0.209,0.137,0.209,0.07199999999999998,34.44976076555023,0,"2026-01-07T04:27:03.902Z"
736,385,65,0.228,0.139,0,0.089,39.03508771929825,0,"2026-01-08T01:09:58.426Z"
737,385,65,0.214,0.128,0,0.086,40.18691588785047,0,"2026-01-08T02:04:50.974Z"
738,385,65,0.184,0.109,0.024999999999999994,0.09999999999999999,47.84688995215311,24.999999999999993,"2026-01-08T03:39:21.622Z"
740,385,65,0.231,0.154,0.031,0.10800000000000001,41.221374045801525,31,"2026-01-08T05:09:49.889Z"
740,385,65,0.154,0.105,0.032,0.081,43.54838709677419,32,"2026-01-09T02:19:55.350Z"
741,385,65,0.257,0.163,0.034999999999999976,0.12899999999999998,44.17808219178082,34.99999999999998,"2026-01-09T02:56:49.508Z"
742,385,70,0.285,0.179,0,0.10599999999999998,37.19298245614035,0,"2026-01-09T04:25:04.173Z"
743,385,70,0.146,0.078,0,0.06799999999999999,46.57534246575342,0,"2026-01-10T00:53:47.393Z"
744,385,70,0.191,0.106,0,0.085,44.50261780104712,0,"2026-01-10T01:55:43.282Z"
745,385,70,0.235,0.17,0,0.06499999999999997,27.659574468085097,0,"2026-01-10T02:05:27.337Z"
746,385,70,0.212,0.129,0.024999999999999994,0.10799999999999998,45.56962025316456,24.999999999999993,"2026-01-10T19:45:44.766Z"
747,385,70,0.155,0.097,0.016000000000000014,0.07400000000000001,43.27485380116959,16.000000000000014,"2026-01-11T02:47:23.588Z"
749,385,72,0.207,0.127,0.207,0.07999999999999999,38.647342995169076,0,"2026-01-11T16:48:54.153Z"
749,385,70,0.093,0.056,0.007000000000000006,0.044000000000000004,44,7.000000000000006,"2026-01-11T16:59:29.592Z"
750,385,70,0.174,0.088,0,0.086,49.42528735632184,0,"2026-01-12T02:02:45.539Z"
751,385,70,0.165,0.098,0.028999999999999998,0.096,49.48453608247423,28.999999999999996,"2026-01-12T06:22:19.672Z"
752,385,70,0.23,0.13,0,0.1,43.47826086956522,0,"2026-01-12T16:06:21.124Z"
753,385,70,0.273,0.171,0.01899999999999996,0.12099999999999997,41.438356164383556,18.99999999999996,"2026-01-12T17:12:10.825Z"
754,385,70,0.216,0.13,0.025999999999999995,0.11199999999999999,46.280991735537185,25.999999999999996,"2026-01-12T19:32:37.787Z"
755,385,70,0.26,0.154,0,0.10600000000000001,40.769230769230774,0,"2026-01-13T01:17:04.785Z"
756,385,70,0.209,0.128,0,0.08099999999999999,38.75598086124402,0,"2026-01-14T03:16:42.665Z"
757,385,70,0.142,0.095,0,0.046999999999999986,33.09859154929577,0,"2026-01-14T23:43:36.768Z"
758,385,70,0.232,0.175,0.01999999999999999,0.07700000000000001,30.555555555555557,19.99999999999999,"2026-01-16T06:01:29.795Z"
759,385,70,0.2,0.122,0.013999999999999985,0.092,42.99065420560748,13.999999999999984,"2026-01-17T02:01:39.148Z"
760,385,70,0.205,0.115,0.008000000000000007,0.09799999999999999,46.009389671361504,8.000000000000007,"2026-01-17T18:28:26.317Z"
761,385,70,0.23,0.139,0.011999999999999983,0.10299999999999998,42.56198347107437,11.999999999999982,"2026-01-17T20:07:32.092Z"
762,385,70,0.164,0.115,0.03,0.079,40.72164948453608,30,"2026-01-17T21:02:30.806Z"
763,385,70,0.2,0.145,0.03,0.08500000000000002,36.956521739130444,30,"2026-01-18T01:42:35.144Z"
764,385,70,0.189,0.168,0.064,0.08499999999999999,33.596837944664024,64,"2026-01-18T02:28:48.310Z"
765,385,70,0.105,0.097,0.05900000000000001,0.067,40.85365853658537,59.000000000000014,"2026-01-18T17:41:48.207Z"
766,385,70,0.209,0.154,0.025999999999999995,0.08099999999999999,34.46808510638298,25.999999999999996,"2026-01-19T03:03:31.043Z"
767,385,70,0.175,0.109,0.025000000000000022,0.09100000000000001,45.5,25.00000000000002,"2026-01-19T03:57:47.555Z"
768,385,70,0.118,0.112,0.056999999999999995,0.06299999999999999,35.99999999999999,56.99999999999999,"2026-01-19T07:25:39.324Z"
769,385,70,0.163,0.104,0.031,0.09000000000000001,46.391752577319586,31,"2026-01-19T07:38:26.649Z"
770,385,70,0.178,0.107,0,0.071,39.8876404494382,0,"2026-01-19T23:07:36.809Z"
771,385,70,0.253,0.173,0,0.08000000000000002,31.6205533596838,0,"2026-01-19T23:19:01.919Z"
772,385,70,0.197,0.113,0,0.084,42.63959390862944,0,"2026-01-20T02:35:44.694Z"
773,385,70,0.129,0.108,0.067,0.08800000000000001,44.89795918367348,67,"2026-01-20T06:37:45.050Z"
774,385,70,0.152,0.095,0.04500000000000001,0.10200000000000001,51.776649746192895,45.000000000000014,"2026-01-20T09:45:48.940Z"
775,385,70,0.122,0.088,0.038000000000000006,0.07200000000000001,45.00000000000001,38.00000000000001,"2026-01-20T10:35:57.764Z"
776,385,70,0.144,0.129,undefined,0.07899999999999999,37.980769230769226,64,"2026-01-21T00:01:50.027Z"
777,385,70,0.169,0.113,0.033,0.08900000000000001,44.05940594059406,33,"2026-01-21T00:42:45.668Z"
778,385,70,0.146,0.097,0.038000000000000006,0.087,47.28260869565217,38.00000000000001,"2026-01-21T01:19:20.834Z"
779,385,70,0.1,0.073,0.035,0.06200000000000001,45.92592592592593,35,"2026-01-21T05:32:10.911Z"
780,385,70,0.167,0.142,0.059,0.08400000000000002,37.168141592920364,59,"2026-01-21T05:44:54.079Z"
781,385,70,0.134,0.1,0.056999999999999995,0.091,47.64397905759162,56.99999999999999,"2026-01-21T05:54:22.505Z"
782,385,70,0.2,0.161,0.08599999999999997,0.12499999999999997,43.7062937062937,85.99999999999997,"2026-01-21T06:08:37.350Z"
783,385,70,0.1,0.059,0.027999999999999997,0.069,53.90625,27.999999999999996,"2026-01-23T01:19:45.451Z"
784,385,70,0.15,0.112,0.038000000000000006,0.076,40.42553191489361,38.00000000000001,"2026-01-23T02:40:44.782Z"
785,385,70,0.108,0.069,0,0.03899999999999999,36.11111111111111,0,"2026-01-23T18:42:55.159Z"
786,385,70,0.113,0.064,0,0.049,43.36283185840708,0,"2026-01-23T23:09:15.254Z"
787,385,70,0.094,0.099,0.06,0.05499999999999999,35.71428571428571,60,"2026-01-24T01:20:50.435Z"
788,385,70,0.131,0.096,0.016999999999999987,0.05199999999999999,35.13513513513513,16.999999999999986,"2026-01-24T03:38:10.620Z"
789,385,70,0.149,0.087,0,0.062,41.61073825503356,0,"2026-01-24T03:49:56.486Z"
790,385,70,0.186,0.131,0.027999999999999997,0.08299999999999999,38.78504672897196,27.999999999999996,"2026-01-24T03:58:11.084Z"
791,400,55,0.067,0.039,0,0.028000000000000004,41.791044776119406,0,"2026-01-26T03:49:57.508Z"
792,400,35,0.079,0.05,0,0.028999999999999998,36.70886075949367,0,"2026-01-26T05:31:28.167Z"
793,400,35,0.083,0.054,0.013999999999999999,0.043000000000000003,44.3298969072165,13.999999999999998,"2026-01-26T05:37:25.393Z"
794,400,35,0.081,0.055,0,0.026000000000000002,32.098765432098766,0,"2026-01-26T07:43:11.267Z"
795,400,35,0.086,0.051,0,0.034999999999999996,40.69767441860465,0,"2026-01-27T03:26:01.712Z"
796,385,82,0.098,0.062,0.02099999999999999,0.056999999999999995,47.89915966386554,20.99999999999999,"2026-01-27T03:45:08.943Z"
797,385,70,0.117,0.086,0.022000000000000006,0.05300000000000002,38.12949640287771,22.000000000000007,"2026-01-27T03:54:38.761Z"
798,385,70,0.153,0.099,0,0.05399999999999999,35.29411764705882,0,"2026-01-27T06:30:46.025Z"
799,400,35,0.056,0.041,0.022,0.037,47.43589743589743,22,"2026-01-27T17:52:07.367Z"
800,400,35,0.099,0.056,0,0.043000000000000003,43.43434343434344,0,"2026-01-27T19:23:45.027Z"
